#Frame            pro
       1       0.0000
       2       0.9343
       3       0.8246
       4       0.8949
       5       1.0054
       6       1.1437
       7       1.1346
       8       1.0930
       9       1.0171
      10       1.0201
      11       1.0553
      12       1.0853
      13       1.3452
      14       1.2502
      15       1.1972
      16       1.1377
      17       1.2365
      18       1.2548
      19       1.3340
      20       1.2994
      21       1.3271
      22       1.5004
      23       1.7998
      24       1.6523
      25       1.4836
      26       1.4282
      27       1.4971
      28       1.5971
      29       1.5457
      30       1.5279
      31       1.7294
      32       1.5330
      33       1.5559
      34       1.5398
      35       1.4514
      36       1.6781
      37       1.7592
      38       1.8815
      39       1.9544
      40       1.8863
      41       1.8229
      42       1.7639
      43       1.7689
      44       1.7063
      45       1.6270
      46       1.7629
      47       1.9591
      48       1.8296
      49       2.1354
      50       2.2272
      51       2.3385
      52       2.4150
      53       2.1524
      54       2.2661
      55       1.9825
      56       2.0422
      57       2.0329
      58       1.9333
      59       2.2068
      60       2.1558
      61       1.9583
      62       2.0451
      63       1.8446
      64       2.0387
      65       2.1215
      66       2.1766
      67       2.2260
      68       2.3225
      69       2.3939
      70       2.2440
      71       2.2340
      72       2.2641
      73       2.3226
      74       2.2928
      75       2.1864
      76       2.2674
      77       2.4125
      78       2.3749
      79       2.3080
      80       2.2478
      81       2.1379
      82       2.4596
      83       2.1961
      84       2.4469
      85       2.3435
      86       2.4556
      87       2.3729
      88       2.5922
      89       2.3008
      90       2.2748
      91       2.3842
      92       2.2951
      93       2.1299
      94       2.2689
      95       2.2080
      96       2.2541
      97       2.2383
      98       2.2440
      99       2.2030
     100       2.2753
     101       2.4703
     102       2.1582
     103       2.2251
     104       2.3222
     105       2.2177
     106       2.2447
     107       2.1186
     108       2.1837
     109       2.2388
     110       2.1600
     111       2.3167
     112       2.3964
     113       2.5376
     114       2.4016
     115       2.5034
     116       2.2716
     117       2.1594
     118       1.9526
     119       2.0922
     120       2.0058
     121       2.0320
     122       2.2575
     123       2.2150
     124       2.1277
     125       2.2152
     126       2.2315
     127       2.3398
     128       2.5948
     129       2.4719
     130       2.4593
     131       2.6197
     132       2.5941
     133       2.5435
     134       2.3834
     135       2.1014
     136       2.2286
     137       2.1768
     138       2.1908
     139       2.1365
     140       2.1876
     141       2.3006
     142       2.1446
     143       2.3734
     144       2.5347
     145       2.5717
     146       2.4965
     147       2.2895
     148       2.3347
     149       2.3838
     150       2.4216
     151       2.5994
     152       2.3611
     153       2.4179
     154       2.5297
     155       2.5082
     156       2.2743
     157       2.4640
     158       2.3823
     159       2.6133
     160       2.5811
     161       2.4974
     162       2.4496
     163       2.3566
     164       2.5690
     165       2.3717
     166       2.2493
     167       2.4791
     168       2.4999
     169       2.5220
     170       2.3776
     171       2.5232
     172       2.6874
     173       2.7295
     174       2.4899
     175       2.3943
     176       2.2816
     177       2.2522
     178       2.3247
     179       2.4725
     180       2.2793
     181       2.4073
     182       2.3250
     183       2.4275
     184       2.5802
     185       2.3372
     186       2.3138
     187       2.4045
     188       2.4523
     189       2.5049
     190       2.4885
     191       2.7991
     192       2.5432
     193       2.7118
     194       2.5660
     195       2.6126
     196       2.4534
     197       2.2785
     198       2.1856
     199       2.5695
     200       2.6103
     201       2.2464
     202       2.4070
     203       2.4723
     204       2.4119
     205       2.4545
     206       2.5359
     207       2.5490
     208       2.5538
     209       2.6105
     210       2.7156
     211       2.6229
     212       2.5917
     213       2.4505
     214       2.6629
     215       2.6936
     216       2.3986
     217       2.3841
     218       2.4315
     219       2.4470
     220       2.6298
     221       2.5968
     222       2.2660
     223       2.3779
     224       2.4107
     225       2.5348
     226       2.5915
     227       2.4860
     228       2.5449
     229       2.6416
     230       2.6378
     231       2.4868
     232       2.5532
     233       2.6412
     234       2.5480
     235       2.6881
     236       2.9482
     237       2.6632
     238       2.8687
     239       3.0244
     240       3.1332
     241       2.8672
     242       2.7662
     243       2.6351
     244       2.4484
     245       2.7348
     246       2.7886
     247       2.6616
     248       2.8128
     249       2.7085
     250       2.7942
     251       2.6128
     252       2.8229
     253       2.8421
     254       2.6975
     255       2.4975
     256       2.4028
     257       2.8301
     258       2.5638
     259       2.4406
     260       2.6431
     261       2.3287
     262       2.3873
     263       2.4169
     264       2.4148
     265       2.4724
     266       2.5774
     267       2.3091
     268       2.4922
     269       2.4720
     270       2.4770
     271       2.4905
     272       2.3938
     273       2.3292
     274       2.4338
     275       2.5141
     276       2.3593
     277       2.4274
     278       2.5265
     279       2.4119
     280       2.6117
     281       2.3144
     282       2.3864
     283       2.2930
     284       2.2387
     285       2.3719
     286       2.3421
     287       2.2229
     288       2.3678
     289       2.2670
     290       2.2889
     291       2.2898
     292       2.3421
     293       2.1901
     294       2.3385
     295       2.5103
     296       2.5490
     297       2.5594
     298       2.5849
     299       2.4361
     300       2.5749
     301       2.3247
     302       2.4698
     303       2.4982
     304       2.4099
     305       2.3347
     306       2.2278
     307       2.3700
     308       2.4058
     309       2.3087
     310       2.3722
     311       2.4682
     312       2.2538
     313       2.4971
     314       2.4594
     315       2.2482
     316       2.5164
     317       2.5472
     318       2.4173
     319       2.4108
     320       2.3739
     321       2.6109
     322       2.6217
     323       2.4564
     324       2.5491
     325       2.4293
     326       2.3252
     327       2.1996
     328       2.4205
     329       2.4831
     330       2.5090
     331       2.5232
     332       2.5086
     333       2.9030
     334       2.6268
     335       2.5754
     336       2.5392
     337       2.5433
     338       2.7276
     339       2.7315
     340       2.9295
     341       2.6813
     342       2.6093
     343       2.7304
     344       2.5050
     345       2.5981
     346       2.5273
     347       2.6397
     348       2.8560
     349       2.5768
     350       2.6075
     351       2.7399
     352       2.5664
     353       2.4721
     354       2.8125
     355       2.5643
     356       2.4935
     357       2.5152
     358       2.4460
     359       2.3921
     360       2.3843
     361       2.6080
     362       2.5643
     363       2.8166
     364       2.8346
     365       2.7164
     366       2.4034
     367       2.5200
     368       2.8577
     369       2.9354
     370       2.8739
     371       2.6711
     372       2.8854
     373       2.7737
     374       2.6242
     375       2.7960
     376       2.9812
     377       2.8841
     378       3.0233
     379       3.1356
     380       3.5375
     381       3.4313
     382       3.0068
     383       3.0210
     384       3.2980
     385       2.9456
     386       2.9799
     387       3.0626
     388       3.3098
     389       3.0833
     390       3.2197
     391       3.0416
     392       3.0001
     393       2.9437
     394       2.9980
     395       3.1244
     396       3.0323
     397       3.3496
     398       3.0815
     399       3.0211
     400       2.9619
     401       2.9954
     402       3.0620
     403       3.0580
     404       3.3793
     405       3.4922
     406       2.9168
     407       3.1083
     408       3.0760
     409       3.0443
     410       3.1303
     411       2.8782
     412       2.9388
     413       3.0286
     414       3.0482
     415       3.0014
     416       3.0167
     417       2.9884
     418       2.9541
     419       3.3069
     420       2.7552
     421       2.8240
     422       2.9009
     423       2.8641
     424       2.9751
     425       2.8911
     426       2.9788
     427       2.8796
     428       2.7461
     429       3.2155
     430       3.0977
     431       3.2084
     432       3.0532
     433       3.0735
     434       3.2604
     435       3.0492
     436       3.0387
     437       3.0700
     438       3.1029
     439       3.1454
     440       3.0237
     441       3.0834
     442       3.1327
     443       3.4247
     444       3.0752
     445       3.1097
     446       2.9815
     447       3.1196
     448       3.1307
     449       2.7050
     450       2.9836
     451       2.7808
     452       2.9002
     453       2.8104
     454       2.9399
     455       2.8959
     456       2.8751
     457       2.9071
     458       3.1609
     459       2.7860
     460       2.8832
     461       2.7340
     462       2.8110
     463       2.8083
     464       3.1054
     465       3.1185
     466       2.8702
     467       2.9539
     468       3.2375
     469       2.8317
     470       3.0714
     471       3.1325
     472       2.9277
     473       2.8047
     474       3.0541
     475       3.0380
     476       2.9043
     477       2.8756
     478       2.9741
     479       2.8120
     480       2.7052
     481       2.8555
     482       2.7721
     483       2.8507
     484       2.6591
     485       2.4079
     486       2.7901
     487       2.7559
     488       3.0201
     489       2.8463
     490       2.9229
     491       2.9304
     492       2.6754
     493       2.8591
     494       2.9040
     495       2.9750
     496       2.9963
     497       3.0623
     498       2.7491
     499       2.9343
     500       3.1022
     501       3.0020
     502       3.4752
     503       3.1017
     504       2.9529
     505       2.8282
     506       2.7330
     507       3.1476
     508       2.9145
     509       3.0360
     510       2.8511
     511       2.5707
     512       2.7026
     513       2.5726
     514       2.8151
     515       2.2625
     516       2.7175
     517       2.7029
     518       2.3828
     519       2.4635
     520       2.4923
     521       2.4502
     522       2.4490
     523       2.4582
     524       2.3422
     525       2.5151
     526       2.6259
     527       2.7254
     528       2.5894
     529       2.6585
     530       2.6570
     531       2.8451
     532       2.7164
     533       2.9013
     534       2.8471
     535       2.7143
     536       2.9371
     537       2.7955
     538       2.9601
     539       2.6905
     540       2.6848
     541       2.5790
     542       2.6225
     543       2.7746
     544       2.7821
     545       3.0164
     546       2.8275
     547       2.8620
     548       2.6995
     549       2.8806
     550       2.7845
     551       2.7992
     552       2.9785
     553       2.9659
     554       2.9652
     555       2.8577
     556       2.7163
     557       2.8739
     558       2.8643
     559       2.6655
     560       2.9004
     561       3.0324
     562       2.8476
     563       2.7436
     564       2.9059
     565       2.8926
     566       2.8801
     567       2.4664
     568       2.6600
     569       2.7390
     570       2.7848
     571       2.6912
     572       2.8467
     573       2.5868
     574       2.6698
     575       2.7731
     576       2.7454
     577       2.6042
     578       2.4610
     579       2.8760
     580       2.6504
     581       2.7120
     582       2.8004
     583       2.6609
     584       2.5286
     585       2.4907
     586       2.6314
     587       2.7984
     588       2.7067
     589       3.0023
     590       2.4994
     591       2.6242
     592       2.6248
     593       2.7391
     594       2.9964
     595       2.5788
     596       2.9000
     597       2.8312
     598       2.7727
     599       2.7894
     600       3.1151
     601       2.9646
     602       3.0120
     603       2.6827
     604       2.8446
     605       2.9042
     606       2.7953
     607       2.9402
     608       2.8689
     609       2.9995
     610       2.9996
     611       3.0992
     612       3.2452
     613       2.6902
     614       3.0975
     615       2.7130
     616       3.0633
     617       2.9606
     618       3.1015
     619       3.0780
     620       3.0244
     621       3.0713
     622       2.9793
     623       2.9253
     624       2.9279
     625       2.9522
     626       3.1961
     627       3.0498
     628       2.8431
     629       2.9700
     630       2.8887
     631       2.9693
     632       3.1431
     633       3.1277
     634       2.8899
     635       2.8895
     636       2.9011
     637       2.8935
     638       2.8313
     639       2.8196
     640       2.8229
     641       2.6463
     642       3.0094
     643       2.9909
     644       2.8081
     645       2.8907
     646       3.1029
     647       2.9385
     648       2.8379
     649       2.7709
     650       2.6814
     651       2.7922
     652       2.7955
     653       2.9089
     654       2.8160
     655       3.0073
     656       3.0805
     657       3.4096
     658       3.5099
     659       2.9173
     660       3.0779
     661       2.7343
     662       3.0474
     663       2.9683
     664       3.0920
     665       3.3459
     666       3.1542
     667       3.2455
     668       3.0982
     669       3.1005
     670       3.0673
     671       2.6625
     672       2.6942
     673       2.5069
     674       2.9472
     675       2.9281
     676       2.7749
     677       3.0964
     678       3.0018
     679       3.3363
     680       3.2361
     681       3.1631
     682       2.8139
     683       2.9073
     684       2.9962
     685       3.0132
     686       2.7354
     687       2.5908
     688       2.5664
     689       2.3584
     690       2.9281
     691       3.1093
     692       3.3916
     693       2.9835
     694       3.0499
     695       3.2793
     696       3.1187
     697       2.9941
     698       2.9962
     699       2.9609
     700       3.2269
     701       2.8483
     702       2.7044
     703       3.0344
     704       3.0008
     705       3.0113
     706       2.8631
     707       2.8757
     708       3.1045
     709       2.9990
     710       2.9893
     711       2.7936
     712       2.9721
     713       2.6189
     714       2.9030
     715       2.9648
     716       3.0948
     717       2.9646
     718       3.0559
     719       3.2122
     720       2.9812
     721       3.1323
     722       2.8193
     723       2.8912
     724       2.4759
     725       2.6985
     726       3.0703
     727       2.7764
     728       2.8069
     729       2.9005
     730       2.8191
     731       2.9524
     732       3.0725
     733       2.9988
     734       2.8711
     735       3.1477
     736       3.1633
     737       3.2452
     738       3.1343
     739       3.0493
     740       3.0529
     741       2.9425
     742       2.9663
     743       2.9230
     744       3.0499
     745       2.6609
     746       3.0731
     747       3.0626
     748       2.9860
     749       2.8087
     750       2.7324
     751       2.7781
     752       2.5586
     753       2.5993
     754       2.7455
     755       2.6597
     756       2.8441
     757       2.6616
     758       2.8760
     759       3.0293
     760       3.0807
     761       2.9027
     762       2.8572
     763       3.0705
     764       2.9543
     765       3.0650
     766       3.0411
     767       2.8848
     768       2.8218
     769       2.9607
     770       3.0349
     771       3.1899
     772       3.1671
     773       3.2890
     774       3.1164
     775       3.2308
     776       3.1932
     777       3.1138
     778       3.0144
     779       2.9099
     780       3.1161
     781       2.5802
     782       2.8099
     783       2.5448
     784       2.6581
     785       2.4154
     786       2.6822
     787       2.8356
     788       2.9658
     789       2.8192
     790       2.7814
     791       2.8515
     792       2.8066
     793       2.7172
     794       2.9317
     795       3.0576
     796       2.9822
     797       2.6500
     798       2.7854
     799       2.5232
     800       2.6007
     801       2.7923
     802       2.8176
     803       2.6801
     804       2.3593
     805       2.5043
     806       2.7484
     807       2.6701
     808       2.7210
     809       2.7321
     810       2.6031
     811       2.8123
     812       2.6618
     813       2.8329
     814       2.6721
     815       2.6053
     816       2.7780
     817       2.8521
     818       2.7719
     819       2.7568
     820       2.7615
     821       2.7756
     822       3.0056
     823       2.9326
     824       2.6192
     825       2.6116
     826       2.7809
     827       2.7893
     828       2.8226
     829       3.0204
     830       2.8120
     831       2.8937
     832       2.8914
     833       2.8553
     834       3.3334
     835       3.3938
     836       3.2330
     837       3.2735
     838       3.0714
     839       3.2102
     840       3.3240
     841       3.1163
     842       3.2189
     843       3.2716
     844       3.0404
     845       2.9928
     846       3.0453
     847       3.0286
     848       3.1456
     849       3.1081
     850       3.2792
     851       3.1165
     852       3.0089
     853       3.0172
     854       3.0373
     855       3.2917
     856       2.8913
     857       2.8165
     858       2.9152
     859       2.8749
     860       2.7129
     861       2.8812
     862       2.7144
     863       2.6754
     864       2.8144
     865       3.1106
     866       3.0753
     867       3.1465
     868       3.1285
     869       2.9324
     870       2.8778
     871       3.0283
     872       3.3873
     873       2.8236
     874       2.9959
     875       3.0060
     876       3.1168
     877       3.0578
     878       3.1154
     879       3.0240
     880       2.9458
     881       2.8821
     882       2.7692
     883       2.7685
     884       2.9302
     885       2.8590
     886       2.8926
     887       3.0899
     888       3.0591
     889       3.0320
     890       2.7384
     891       2.6385
     892       2.7851
     893       2.7256
     894       2.9167
     895       3.0381
     896       2.8038
     897       3.2118
     898       2.9246
     899       2.9493
     900       3.0951
     901       3.2627
     902       3.3209
     903       3.1938
     904       3.2472
     905       3.2662
     906       2.8443
     907       2.7165
     908       3.0611
     909       3.0001
     910       2.8054
     911       2.8241
     912       2.9650
     913       3.0441
     914       3.1637
     915       3.4027
     916       3.0845
     917       3.1617
     918       3.1147
     919       3.1486
     920       3.0542
     921       3.0583
     922       3.0850
     923       2.8423
     924       3.1020
     925       3.1030
     926       3.0865
     927       3.0479
     928       3.1146
     929       2.9062
     930       3.1349
     931       3.2928
     932       3.5293
     933       3.1315
     934       3.5387
     935       3.2054
     936       3.2287
     937       3.1383
     938       2.9971
     939       3.0369
     940       3.1106
     941       3.1691
     942       3.0391
     943       2.8388
     944       2.9503
     945       3.0531
     946       2.9849
     947       3.0629
     948       3.2197
     949       3.1426
     950       3.3215
     951       3.1775
     952       3.3056
     953       3.1035
     954       3.1615
     955       3.3751
     956       2.9977
     957       3.1192
     958       3.1406
     959       3.3078
     960       3.3239
     961       3.0587
     962       3.0349
     963       2.9983
     964       3.0142
     965       3.2903
     966       2.9710
     967       3.1968
     968       3.1665
     969       3.0257
     970       2.9666
     971       3.0715
     972       3.0751
     973       2.9629
     974       3.0044
     975       3.1612
     976       3.4636
     977       3.5423
     978       3.2382
     979       3.2983
     980       3.4574
     981       3.4928
     982       3.2202
     983       3.0240
     984       3.1528
     985       2.8695
     986       3.2002
     987       2.9316
     988       3.0650
     989       2.9477
     990       3.2642
     991       3.1184
     992       3.3283
     993       3.1790
     994       3.1579
     995       3.2165
     996       3.3784
     997       3.0810
     998       3.5106
     999       3.3252
    1000       3.3983
    1001       3.7427
    1002       3.6796
    1003       3.5560
    1004       3.3451
    1005       3.3150
    1006       3.2130
    1007       3.3202
    1008       3.3059
    1009       3.3235
    1010       3.4016
    1011       3.3107
    1012       3.4588
    1013       3.4900
    1014       3.1365
    1015       3.5328
    1016       3.5337
    1017       3.3557
    1018       3.3050
    1019       3.3523
    1020       3.2079
    1021       3.0298
    1022       3.3404
    1023       3.1716
    1024       3.4606
    1025       3.4242
    1026       3.7338
    1027       3.8454
    1028       3.7477
    1029       3.4879
    1030       3.8284
    1031       3.4039
    1032       3.2700
    1033       3.1854
    1034       3.3359
    1035       3.7055
    1036       3.7949
    1037       3.8249
    1038       3.7207
    1039       3.7353
    1040       3.6189
    1041       3.6911
    1042       3.5525
    1043       3.5384
    1044       3.4670
    1045       3.8379
    1046       3.6056
    1047       3.9323
    1048       3.5480
    1049       3.3359
    1050       3.5032
    1051       3.6513
    1052       3.3512
    1053       3.6157
    1054       3.3181
    1055       3.5716
    1056       3.9608
    1057       3.8051
    1058       3.8701
    1059       4.1435
    1060       3.9610
    1061       3.7004
    1062       3.8352
    1063       3.7228
    1064       3.8684
    1065       3.9872
    1066       3.9692
    1067       3.6369
    1068       3.7510
    1069       3.9547
    1070       4.0853
    1071       4.0665
    1072       4.2623
    1073       3.7506
    1074       3.9990
    1075       3.9840
    1076       4.2902
    1077       3.8245
    1078       3.8409
    1079       3.8152
    1080       3.7451
    1081       3.7712
    1082       3.7924
    1083       3.8830
    1084       3.6389
    1085       3.7348
    1086       3.9278
    1087       3.4826
    1088       3.7458
    1089       4.0864
    1090       3.9443
    1091       3.4879
    1092       3.6118
    1093       3.7767
    1094       3.7976
    1095       3.4436
    1096       3.4219
    1097       3.6899
    1098       3.3660
    1099       3.7231
    1100       3.6405
    1101       3.5277
    1102       3.6675
    1103       3.4446
    1104       3.5136
    1105       3.5075
    1106       3.7844
    1107       3.6473
    1108       3.6239
    1109       3.8325
    1110       3.9476
    1111       3.7636
    1112       3.8504
    1113       3.8392
    1114       4.0045
    1115       3.9679
    1116       4.1149
    1117       3.8043
    1118       4.1553
    1119       3.8695
    1120       4.2239
    1121       4.2458
    1122       4.0238
    1123       3.9505
    1124       4.0735
    1125       4.2676
    1126       3.9618
    1127       4.0923
    1128       3.9082
    1129       3.9538
    1130       4.1544
    1131       3.6798
    1132       3.6941
    1133       3.6708
    1134       3.7973
    1135       3.5677
    1136       3.6322
    1137       3.5633
    1138       3.7126
    1139       3.4992
    1140       3.5405
    1141       3.6098
    1142       3.5284
    1143       3.5934
    1144       3.8647
    1145       3.8207
    1146       4.0159
    1147       3.5685
    1148       3.6394
    1149       3.8370
    1150       3.5699
    1151       3.9620
    1152       3.9729
    1153       3.8920
    1154       3.6016
    1155       3.9395
    1156       3.8414
    1157       3.5626
    1158       3.5770
    1159       3.7219
    1160       4.0145
    1161       3.9467
    1162       3.9876
    1163       4.0585
    1164       4.0336
    1165       4.0041
    1166       3.9381
    1167       3.9630
    1168       3.9259
    1169       4.1185
    1170       4.0813
    1171       4.0981
    1172       3.8919
    1173       3.6986
    1174       3.8132
    1175       4.1228
    1176       3.7759
    1177       3.7051
    1178       3.5112
    1179       3.8649
    1180       3.6656
    1181       3.9072
    1182       4.0387
    1183       3.9354
    1184       4.0694
    1185       4.1999
    1186       3.9259
    1187       3.8401
    1188       3.9194
    1189       3.9181
    1190       3.5144
    1191       3.6170
    1192       3.5379
    1193       3.7424
    1194       3.3228
    1195       3.3784
    1196       3.3265
    1197       3.4560
    1198       3.5658
    1199       3.6353
    1200       3.7519
    1201       3.7292
    1202       3.7614
    1203       3.9509
    1204       3.8734
    1205       3.9202
    1206       3.7473
    1207       3.7502
    1208       3.7089
    1209       3.7099
    1210       3.9217
    1211       3.9723
    1212       3.9190
    1213       4.0816
    1214       3.7343
    1215       3.7211
    1216       3.7711
    1217       3.6858
    1218       3.9033
    1219       3.5342
    1220       3.9142
    1221       3.7951
    1222       3.9211
    1223       3.8350
    1224       3.7901
    1225       3.8415
    1226       3.6211
    1227       3.8749
    1228       3.5068
    1229       3.8757
    1230       3.6796
    1231       3.7378
    1232       3.8239
    1233       3.2824
    1234       3.3245
    1235       3.3677
    1236       3.4054
    1237       3.3645
    1238       3.5794
    1239       3.2295
    1240       3.6699
    1241       3.8712
    1242       3.9231
    1243       3.4020
    1244       3.3959
    1245       3.7097
    1246       3.7316
    1247       3.6789
    1248       3.8025
    1249       3.7467
    1250       3.5703
    1251       3.8130
    1252       3.7851
    1253       3.5924
    1254       3.5996
    1255       3.4588
    1256       3.3635
    1257       3.4426
    1258       3.1466
    1259       3.4141
    1260       3.1591
    1261       3.1481
    1262       3.3734
    1263       3.2814
    1264       3.2814
    1265       3.1447
    1266       3.1088
    1267       3.3811
    1268       3.4232
    1269       3.4482
    1270       3.0904
    1271       3.2773
    1272       3.1692
    1273       2.9537
    1274       2.9142
    1275       3.0577
    1276       3.1540
    1277       3.1739
    1278       3.1787
    1279       3.2262
    1280       3.2907
    1281       3.3050
    1282       3.2862
    1283       3.1857
    1284       3.2062
    1285       3.5315
    1286       3.3499
    1287       3.5486
    1288       3.6526
    1289       3.6221
    1290       3.6069
    1291       3.7704
    1292       3.6450
    1293       3.7771
    1294       3.6789
    1295       3.7528
    1296       3.8276
    1297       3.5868
    1298       3.6357
    1299       3.8851
    1300       3.6845
    1301       3.9444
    1302       3.9444
    1303       3.9403
    1304       4.0790
    1305       3.6216
    1306       3.4591
    1307       3.8585
    1308       3.7799
    1309       3.7832
    1310       3.9389
    1311       3.8376
    1312       3.6337
    1313       3.7218
    1314       3.8341
    1315       3.5977
    1316       3.5232
    1317       3.5195
    1318       3.4342
    1319       3.4345
    1320       3.2544
    1321       3.3072
    1322       3.2229
    1323       3.2906
    1324       3.1993
    1325       3.1438
    1326       3.2180
    1327       3.2594
    1328       3.2914
    1329       3.1620
    1330       3.0139
    1331       2.6783
    1332       3.0800
    1333       2.9761
    1334       2.8344
    1335       2.8704
    1336       3.0022
    1337       2.9707
    1338       3.0637
    1339       3.3174
    1340       3.3079
    1341       3.5573
    1342       3.2419
    1343       3.3177
    1344       3.2573
    1345       3.4215
    1346       3.3228
    1347       3.4324
    1348       3.1789
    1349       3.4270
    1350       3.6264
    1351       3.2767
    1352       3.2008
    1353       3.4420
    1354       3.6376
    1355       3.3593
    1356       3.5200
    1357       3.5199
    1358       3.5335
    1359       3.6302
    1360       3.7715
    1361       3.7014
    1362       3.5236
    1363       3.4704
    1364       3.5375
    1365       3.7890
    1366       3.4126
    1367       3.4428
    1368       3.2099
    1369       3.1325
    1370       3.2815
    1371       3.5759
    1372       3.3222
    1373       3.1884
    1374       3.2779
    1375       3.3124
    1376       3.3968
    1377       3.2668
    1378       3.5431
    1379       3.5012
    1380       3.1102
    1381       3.3285
    1382       3.3403
    1383       3.2514
    1384       3.1847
    1385       3.1430
    1386       3.3490
    1387       3.4438
    1388       3.3214
    1389       3.0004
    1390       3.0582
    1391       3.1467
    1392       3.1074
    1393       3.0021
    1394       3.0549
    1395       3.3733
    1396       3.0131
    1397       3.0972
    1398       3.3629
    1399       3.0901
    1400       2.8549
    1401       2.9682
    1402       2.9274
    1403       2.9677
    1404       2.9282
    1405       2.7863
    1406       2.9626
    1407       3.1100
    1408       2.8813
    1409       3.0655
    1410       2.9791
    1411       2.9067
    1412       2.9294
    1413       2.7919
    1414       2.9773
    1415       3.1655
    1416       2.8925
    1417       3.0244
    1418       2.9280
    1419       3.1184
    1420       3.1615
    1421       2.9433
    1422       2.7664
    1423       2.8343
    1424       2.9204
    1425       2.7880
    1426       2.9250
    1427       3.2360
    1428       2.9261
    1429       3.0053
    1430       3.1113
    1431       3.4112
    1432       3.0250
    1433       3.1219
    1434       3.0683
    1435       3.1495
    1436       3.3097
    1437       3.2063
    1438       3.2681
    1439       3.1099
    1440       3.0090
    1441       3.2018
    1442       2.8498
    1443       2.7907
    1444       3.0071
    1445       3.0956
    1446       3.0262
    1447       2.9452
    1448       3.0204
    1449       3.0577
    1450       3.0103
    1451       2.9275
    1452       2.8148
    1453       3.0192
    1454       2.6733
    1455       2.8067
    1456       2.7155
    1457       2.7061
    1458       2.8397
    1459       2.7911
    1460       2.9593
    1461       2.8049
    1462       2.8757
    1463       2.8031
    1464       2.8987
    1465       2.9239
    1466       2.9496
    1467       2.8219
    1468       2.7879
    1469       2.8853
    1470       3.0438
    1471       2.7937
    1472       2.8192
    1473       2.7580
    1474       2.9509
    1475       2.6081
    1476       2.7406
    1477       2.7023
    1478       2.6349
    1479       2.8968
    1480       2.9737
    1481       2.9019
    1482       2.8791
    1483       2.8902
    1484       2.8493
    1485       2.8476
    1486       2.8626
    1487       2.8432
    1488       3.0256
    1489       3.2200
    1490       3.1462
    1491       3.1783
    1492       2.8553
    1493       2.9476
    1494       2.6705
    1495       2.8233
    1496       2.7944
    1497       2.9763
    1498       3.1712
    1499       2.8665
    1500       2.7074
    1501       2.8594
    1502       3.0589
    1503       3.1362
    1504       2.7984
    1505       2.9408
    1506       2.9657
    1507       3.1240
    1508       3.1425
    1509       2.9583
    1510       3.1485
    1511       3.0970
    1512       2.9859
    1513       3.1442
    1514       3.2434
    1515       3.0110
    1516       2.9710
    1517       2.7317
    1518       2.5503
    1519       2.6735
    1520       2.8807
    1521       2.8956
    1522       2.7542
    1523       2.9867
    1524       2.7869
    1525       2.8252
    1526       2.8871
    1527       2.8529
    1528       2.8395
    1529       2.9164
    1530       2.9598
    1531       2.9121
    1532       2.8120
    1533       2.9363
    1534       2.7988
    1535       2.7778
    1536       2.9501
    1537       3.0456
    1538       3.1638
    1539       3.1999
    1540       3.1182
    1541       3.2525
    1542       3.1271
    1543       3.1378
    1544       3.0482
    1545       3.0226
    1546       2.9903
    1547       3.0700
    1548       3.0932
    1549       3.0280
    1550       3.0765
    1551       2.7587
    1552       2.8662
    1553       3.1420
    1554       3.0424
    1555       3.0545
    1556       3.1688
    1557       3.0373
    1558       3.0023
    1559       3.1002
    1560       3.1206
    1561       2.8587
    1562       2.8559
    1563       2.8712
    1564       3.0194
    1565       3.0219
    1566       3.1732
    1567       2.8868
    1568       3.0599
    1569       3.1592
    1570       3.2826
    1571       3.1560
    1572       3.2648
    1573       3.2956
    1574       3.1787
    1575       3.2401
    1576       3.3097
    1577       3.2896
    1578       3.4289
    1579       3.0950
    1580       3.1102
    1581       3.2156
    1582       3.1833
    1583       3.0375
    1584       3.2246
    1585       3.3173
    1586       3.0340
    1587       3.3138
    1588       3.2409
    1589       3.1545
    1590       3.3954
    1591       3.4292
    1592       3.3144
    1593       3.3352
    1594       3.3760
    1595       3.5803
    1596       3.1600
    1597       3.0949
    1598       3.0353
    1599       3.0867
    1600       3.2221
    1601       3.2820
    1602       3.1184
    1603       3.0360
    1604       3.1054
    1605       3.0579
    1606       2.9794
    1607       3.1763
    1608       3.0837
    1609       2.8149
    1610       2.8873
    1611       2.9665
    1612       2.8367
    1613       2.9091
    1614       2.9384
    1615       2.8970
    1616       2.9799
    1617       3.1567
    1618       3.1855
    1619       3.0683
    1620       3.1619
    1621       3.2586
    1622       2.9637
    1623       3.0436
    1624       3.1337
    1625       3.1020
    1626       3.0542
    1627       3.4344
    1628       3.2104
    1629       3.1995
    1630       3.4626
    1631       3.3221
    1632       3.2714
    1633       3.4885
    1634       3.3307
    1635       3.3373
    1636       3.2857
    1637       3.2330
    1638       3.0860
    1639       3.2872
    1640       2.9397
    1641       3.0966
    1642       3.0164
    1643       3.0424
    1644       3.0309
    1645       3.1430
    1646       3.3494
    1647       3.0321
    1648       3.0214
    1649       2.9528
    1650       3.2165
    1651       3.2157
    1652       3.0573
    1653       3.2154
    1654       3.2336
    1655       2.8235
    1656       2.8756
    1657       2.8930
    1658       2.8882
    1659       2.7954
    1660       2.7909
    1661       3.1517
    1662       3.0336
    1663       3.0900
    1664       3.1293
    1665       3.1509
    1666       3.1902
    1667       3.2760
    1668       3.2425
    1669       3.2061
    1670       3.0939
    1671       3.0251
    1672       3.1581
    1673       3.0985
    1674       2.8886
    1675       2.9801
    1676       2.8054
    1677       3.0543
    1678       3.1720
    1679       3.0424
    1680       3.0227
    1681       3.0162
    1682       2.8048
    1683       2.7810
    1684       2.6805
    1685       2.5845
    1686       2.8282
    1687       2.8538
    1688       2.6529
    1689       2.8754
    1690       2.8908
    1691       2.5235
    1692       2.8211
    1693       2.7483
    1694       2.8963
    1695       2.8135
    1696       2.9857
    1697       3.0731
    1698       3.0079
    1699       3.0784
    1700       2.8252
    1701       2.8370
    1702       2.9756
    1703       2.9645
    1704       2.7270
    1705       3.1016
    1706       3.0107
    1707       3.1507
    1708       2.9067
    1709       2.9752
    1710       2.7784
    1711       3.1311
    1712       2.9098
    1713       3.0021
    1714       2.9661
    1715       2.9989
    1716       2.9337
    1717       2.7026
    1718       2.7287
    1719       2.9938
    1720       2.8457
    1721       2.9087
    1722       3.0701
    1723       3.0179
    1724       2.9905
    1725       2.9302
    1726       2.7612
    1727       2.8705
    1728       2.8745
    1729       3.1068
    1730       2.8817
    1731       3.0696
    1732       2.9579
    1733       2.9369
    1734       2.7103
    1735       2.7625
    1736       2.5708
    1737       2.6658
    1738       2.6418
    1739       2.5848
    1740       2.7119
    1741       2.6553
    1742       2.5608
    1743       2.5279
    1744       2.5870
    1745       2.6181
    1746       2.5781
    1747       3.0631
    1748       2.8683
    1749       2.8291
    1750       2.7736
    1751       2.7655
    1752       2.9374
    1753       2.8635
    1754       2.7064
    1755       2.8137
    1756       3.0405
    1757       2.7740
    1758       2.7386
    1759       2.9025
    1760       2.6878
    1761       2.5475
    1762       2.6801
    1763       2.4446
    1764       2.6562
    1765       2.5951
    1766       2.7280
    1767       3.0519
    1768       2.9571
    1769       3.0948
    1770       2.8435
    1771       2.8213
    1772       2.9976
    1773       2.8834
    1774       2.7772
    1775       3.0453
    1776       2.8746
    1777       2.8058
    1778       2.7238
    1779       2.9021
    1780       2.8355
    1781       2.8312
    1782       3.0017
    1783       2.8574
    1784       3.0372
    1785       2.9650
    1786       3.2507
    1787       3.2729
    1788       3.0999
    1789       3.0570
    1790       2.9365
    1791       2.9606
    1792       2.8980
    1793       3.0140
    1794       2.7517
    1795       2.7519
    1796       2.8636
    1797       2.9365
    1798       2.8904
    1799       2.6931
    1800       2.7930
    1801       2.7676
    1802       2.6636
    1803       2.9203
    1804       2.9147
    1805       2.7674
    1806       2.9938
    1807       3.1722
    1808       2.9001
    1809       2.8365
    1810       3.0787
    1811       3.2205
    1812       2.8584
    1813       2.8022
    1814       2.9030
    1815       2.9544
    1816       2.8671
    1817       2.6439
    1818       2.8026
    1819       2.7696
    1820       2.7622
    1821       2.7699
    1822       2.7285
    1823       2.5806
    1824       2.6257
    1825       2.7995
    1826       2.6853
    1827       2.6847
    1828       2.6074
    1829       2.8519
    1830       2.7325
    1831       2.8497
    1832       2.7638
    1833       3.0518
    1834       2.9629
    1835       2.9419
    1836       3.2628
    1837       2.8791
    1838       2.9697
    1839       2.9018
    1840       2.9524
    1841       2.6717
    1842       2.8311
    1843       2.6676
    1844       2.6760
    1845       2.7960
    1846       2.5630
    1847       2.8664
    1848       2.5657
    1849       2.8407
    1850       2.8672
    1851       2.9266
    1852       2.8425
    1853       2.9671
    1854       2.9875
    1855       2.9424
    1856       2.9528
    1857       2.9759
    1858       2.7182
    1859       2.9234
    1860       2.9638
    1861       3.0959
    1862       2.9461
    1863       2.9326
    1864       2.8936
    1865       2.8269
    1866       2.8526
    1867       2.9531
    1868       2.9302
    1869       2.9193
    1870       2.8803
    1871       2.9799
    1872       3.0199
    1873       2.9678
    1874       2.8284
    1875       2.8117
    1876       3.0112
    1877       2.8308
    1878       2.8287
    1879       3.0553
    1880       2.9018
    1881       2.9349
    1882       2.7587
    1883       2.7161
    1884       2.8753
    1885       2.8137
    1886       3.1146
    1887       2.9425
    1888       2.8557
    1889       2.9933
    1890       2.8458
    1891       2.9569
    1892       2.9283
    1893       2.7248
    1894       3.1609
    1895       2.8212
    1896       2.8088
    1897       2.9607
    1898       2.7868
    1899       2.7741
    1900       2.4330
    1901       2.6193
    1902       2.5549
    1903       2.6099
    1904       2.8562
    1905       2.6119
    1906       2.9533
    1907       2.7749
    1908       2.8353
    1909       2.7249
    1910       2.7165
    1911       2.7172
    1912       2.8016
    1913       2.9367
    1914       2.8398
    1915       2.8606
    1916       2.8362
    1917       2.8596
    1918       2.8929
    1919       2.7765
    1920       2.9794
    1921       2.9873
    1922       3.0384
    1923       2.8973
    1924       2.9652
    1925       2.9914
    1926       3.2603
    1927       2.9180
    1928       3.1714
    1929       2.8784
    1930       2.8784
    1931       2.9258
    1932       2.7348
    1933       3.0434
    1934       2.9361
    1935       2.8820
    1936       3.2442
    1937       3.0496
    1938       3.1100
    1939       3.0887
    1940       2.8596
    1941       3.0151
    1942       2.8714
    1943       3.0518
    1944       3.0644
    1945       2.9787
    1946       3.0542
    1947       3.2075
    1948       3.0044
    1949       3.4470
    1950       3.1606
    1951       3.1243
    1952       3.1341
    1953       2.9253
    1954       2.8892
    1955       2.9911
    1956       2.8108
    1957       2.9012
    1958       2.8046
    1959       2.9697
    1960       3.0895
    1961       2.8812
    1962       2.8744
    1963       2.9255
    1964       2.9603
    1965       2.7903
    1966       2.8853
    1967       2.8615
    1968       2.9272
    1969       2.9761
    1970       3.0284
    1971       2.8073
    1972       3.0688
    1973       3.1421
    1974       2.9508
    1975       3.1023
    1976       3.2221
    1977       3.1126
    1978       3.2439
    1979       3.2398
    1980       3.1960
    1981       3.0501
    1982       3.1135
    1983       3.1737
    1984       3.1853
    1985       3.0755
    1986       3.2639
    1987       3.1112
    1988       3.1368
    1989       2.9868
    1990       3.0480
    1991       3.1190
    1992       3.1689
    1993       3.0369
    1994       3.1460
    1995       2.9790
    1996       2.9243
    1997       3.1377
    1998       2.9803
    1999       3.0849
    2000       3.2025
    2001       3.0884
    2002       3.3744
    2003       3.0645
    2004       3.0728
    2005       3.2541
    2006       3.2915
    2007       3.3723
    2008       3.2910
    2009       3.1902
    2010       3.2373
    2011       3.4044
    2012       3.1356
    2013       2.9739
    2014       3.0255
    2015       3.2448
    2016       3.0447
    2017       3.3314
    2018       3.3757
    2019       3.1408
    2020       3.1946
    2021       3.3447
    2022       3.1012
    2023       3.2154
    2024       3.0275
    2025       3.1582
    2026       3.3121
    2027       3.3923
    2028       3.3722
    2029       3.3416
    2030       3.2175
    2031       3.1359
    2032       3.1385
    2033       3.2988
    2034       3.1077
    2035       3.1732
    2036       3.0983
    2037       3.1363
    2038       2.9316
    2039       3.1476
    2040       3.0165
    2041       3.1651
    2042       3.2723
    2043       3.1967
    2044       3.0183
    2045       3.2237
    2046       3.1753
    2047       2.9618
    2048       2.9730
    2049       3.0614
    2050       3.3043
    2051       3.1717
    2052       2.8985
    2053       2.8651
    2054       3.2011
    2055       2.9277
    2056       3.2016
    2057       3.1234
    2058       3.1849
    2059       2.8636
    2060       3.0129
    2061       3.1103
    2062       2.8184
    2063       3.0655
    2064       3.0085
    2065       3.1047
    2066       3.0937
    2067       2.8950
    2068       3.2075
    2069       3.0788
    2070       3.1141
    2071       3.1325
    2072       2.9834
    2073       3.0542
    2074       3.0403
    2075       3.0999
    2076       3.1581
    2077       3.1021
    2078       3.0166
    2079       3.0692
    2080       2.9078
    2081       3.1222
    2082       3.0862
    2083       2.9051
    2084       3.0303
    2085       3.0293
    2086       3.1364
    2087       3.1447
    2088       3.0039
    2089       2.9344
    2090       2.9462
    2091       2.8362
    2092       2.7983
    2093       2.7887
    2094       3.0740
    2095       3.1432
    2096       3.2053
    2097       3.2315
    2098       3.1670
    2099       3.0461
    2100       3.0754
    2101       3.2392
    2102       3.3150
    2103       3.2800
    2104       3.4157
    2105       3.5463
    2106       3.4673
    2107       3.0861
    2108       3.2151
    2109       2.9070
    2110       3.2848
    2111       3.1133
    2112       2.9761
    2113       2.8839
    2114       3.2897
    2115       3.2553
    2116       3.5640
    2117       3.4629
    2118       3.1910
    2119       3.2643
    2120       3.4760
    2121       3.0994
    2122       3.1853
    2123       3.0845
    2124       3.3139
    2125       3.2710
    2126       2.8616
    2127       2.8142
    2128       2.8558
    2129       2.9932
    2130       2.8306
    2131       3.0792
    2132       3.1183
    2133       3.1230
    2134       3.1386
    2135       3.1827
    2136       3.0993
    2137       3.0651
    2138       2.8495
    2139       3.0534
    2140       3.2531
    2141       3.0319
    2142       3.1425
    2143       3.2082
    2144       3.0414
    2145       3.1473
    2146       3.1004
    2147       3.2397
    2148       3.0110
    2149       3.0316
    2150       3.0165
    2151       2.9730
    2152       2.8666
    2153       2.8881
    2154       2.8188
    2155       3.0888
    2156       3.1304
    2157       2.9758
    2158       3.0543
    2159       3.0465
    2160       2.9246
    2161       2.9658
    2162       2.9792
    2163       3.1484
    2164       3.0408
    2165       2.8744
    2166       2.8267
    2167       2.8065
    2168       2.9018
    2169       3.0240
    2170       3.0793
    2171       3.0356
    2172       2.9110
    2173       2.9225
    2174       2.9163
    2175       3.0088
    2176       3.2827
    2177       3.2190
    2178       3.2334
    2179       3.0838
    2180       2.8513
    2181       2.8969
    2182       2.8808
    2183       2.8613
    2184       2.7540
    2185       3.0086
    2186       2.7949
    2187       2.9534
    2188       2.8455
    2189       2.7865
    2190       3.0253
    2191       3.1899
    2192       3.0459
    2193       2.8305
    2194       2.9332
    2195       2.8555
    2196       3.1131
    2197       3.0256
    2198       2.9634
    2199       2.7569
    2200       2.7565
    2201       2.9558
    2202       3.0274
    2203       3.3388
    2204       3.1333
    2205       3.0226
    2206       3.1088
    2207       3.2439
    2208       3.0051
    2209       3.2334
    2210       2.9540
    2211       2.8206
    2212       2.9453
    2213       3.0279
    2214       3.3063
    2215       3.2968
    2216       2.5950
    2217       2.8460
    2218       2.7938
    2219       2.7865
    2220       2.6996
    2221       2.7562
    2222       2.7350
    2223       2.9228
    2224       2.8194
    2225       2.9804
    2226       2.7815
    2227       2.7623
    2228       2.7440
    2229       2.6929
    2230       2.5859
    2231       2.6781
    2232       2.6840
    2233       2.7416
    2234       2.8675
    2235       2.8418
    2236       2.8894
    2237       2.7140
    2238       2.8693
    2239       2.7066
    2240       2.8524
    2241       2.6734
    2242       2.9601
    2243       2.8712
    2244       3.0905
    2245       2.7838
    2246       2.7740
    2247       2.9085
    2248       2.8774
    2249       3.1170
    2250       3.0896
    2251       2.6809
    2252       2.8675
    2253       2.7119
    2254       2.6680
    2255       2.8170
    2256       2.9823
    2257       2.6514
    2258       2.9811
    2259       2.7358
    2260       2.7279
    2261       2.7485
    2262       2.7781
    2263       2.6162
    2264       2.7338
    2265       2.7358
    2266       2.8403
    2267       2.7416
    2268       2.7037
    2269       2.6590
    2270       2.6011
    2271       2.7285
    2272       2.7705
    2273       3.0807
    2274       3.0626
    2275       3.1516
    2276       3.0421
    2277       2.8344
    2278       2.8125
    2279       2.7740
    2280       2.7531
    2281       2.8795
    2282       2.9367
    2283       2.8182
    2284       2.6364
    2285       2.8121
    2286       2.7979
    2287       2.7692
    2288       2.7771
    2289       2.6950
    2290       2.5117
    2291       2.5282
    2292       2.5647
    2293       2.5330
    2294       2.5615
    2295       2.7569
    2296       2.6711
    2297       2.6862
    2298       3.0135
    2299       2.7203
    2300       2.5516
    2301       2.6765
    2302       2.5215
    2303       2.6603
    2304       2.6686
    2305       2.7636
    2306       2.8628
    2307       2.9195
    2308       3.1820
    2309       2.9024
    2310       2.8318
    2311       2.8665
    2312       2.7559
    2313       2.7854
    2314       2.8471
    2315       2.7473
    2316       2.9770
    2317       2.9655
    2318       2.9792
    2319       2.6255
    2320       2.8186
    2321       2.7877
    2322       2.8051
    2323       2.9674
    2324       2.8551
    2325       2.7097
    2326       3.1855
    2327       2.7903
    2328       2.8643
    2329       2.8345
    2330       2.9497
    2331       2.9747
    2332       2.9576
    2333       3.2391
    2334       2.9060
    2335       3.0116
    2336       3.0003
    2337       2.8826
    2338       3.0637
    2339       2.8716
    2340       2.8200
    2341       3.0050
    2342       2.9141
    2343       2.8902
    2344       2.9058
    2345       2.7947
    2346       2.8350
    2347       2.7881
    2348       2.7732
    2349       2.9231
    2350       3.0834
    2351       2.8933
    2352       2.9458
    2353       2.9595
    2354       3.1178
    2355       3.0594
    2356       3.3291
    2357       3.2631
    2358       3.4012
    2359       3.1742
    2360       3.1136
    2361       3.2790
    2362       2.9971
    2363       3.3377
    2364       3.1677
    2365       3.1277
    2366       3.0600
    2367       3.0805
    2368       3.2043
    2369       3.2692
    2370       3.1604
    2371       3.0667
    2372       2.9210
    2373       2.9141
    2374       2.8456
    2375       2.9071
    2376       2.8289
    2377       2.7782
    2378       2.8145
    2379       2.9080
    2380       2.8041
    2381       2.8827
    2382       2.6861
    2383       2.7923
    2384       2.8118
    2385       2.7590
    2386       2.7139
    2387       2.7340
    2388       2.7245
    2389       2.7506
    2390       2.6966
    2391       2.9217
    2392       2.6655
    2393       2.6748
    2394       2.5449
    2395       2.7166
    2396       2.7109
    2397       2.8244
    2398       2.9389
    2399       2.7813
    2400       2.8095
    2401       2.7799
    2402       2.8081
    2403       2.8444
    2404       2.5282
    2405       2.4209
    2406       2.3110
    2407       2.6380
    2408       2.6197
    2409       3.0785
    2410       2.7301
    2411       2.5611
    2412       2.7007
    2413       2.8848
    2414       2.6774
    2415       2.8355
    2416       2.8265
    2417       2.7353
    2418       2.7658
    2419       2.8632
    2420       2.9073
    2421       2.9643
    2422       2.6919
    2423       2.7323
    2424       2.7755
    2425       2.8482
    2426       2.6660
    2427       2.7645
    2428       2.9040
    2429       2.9969
    2430       3.2884
    2431       3.4573
    2432       3.2474
    2433       3.2494
    2434       3.3092
    2435       3.2529
    2436       3.1402
    2437       3.1969
    2438       3.0928
    2439       2.8663
    2440       3.1137
    2441       2.9196
    2442       3.1202
    2443       3.2494
    2444       3.2811
    2445       3.0524
    2446       3.2975
    2447       3.0463
    2448       3.1468
    2449       3.0586
    2450       3.0499
    2451       2.9955
    2452       3.0778
    2453       3.4548
    2454       3.3344
    2455       3.5029
    2456       3.2894
    2457       3.3685
    2458       3.3015
    2459       3.4370
    2460       3.4986
    2461       3.2162
    2462       3.4426
    2463       3.5876
    2464       3.0548
    2465       3.3684
    2466       3.1158
    2467       3.2159
    2468       3.0490
    2469       3.6541
    2470       3.3280
    2471       3.4782
    2472       3.4072
    2473       3.2849
    2474       3.4698
    2475       3.6359
    2476       3.2159
    2477       3.2382
    2478       3.1469
    2479       2.9030
    2480       3.0999
    2481       3.1213
    2482       3.2138
    2483       2.9188
    2484       3.1313
    2485       3.3530
    2486       3.2948
    2487       3.1954
    2488       3.1538
    2489       3.1874
    2490       3.0965
    2491       3.0792
    2492       3.1824
    2493       2.9336
    2494       3.3432
    2495       3.1597
    2496       3.0213
    2497       3.0139
    2498       3.1838
    2499       3.0372
    2500       2.9471
    2501       3.0763
    2502       2.9082
    2503       2.9853
    2504       2.7707
    2505       2.8284
    2506       2.8647
    2507       2.8151
    2508       2.8127
    2509       3.0155
    2510       2.8856
    2511       2.9810
    2512       3.0924
    2513       2.9888
    2514       2.8660
    2515       2.9093
    2516       3.0423
    2517       3.1035
    2518       2.9425
    2519       2.9078
    2520       2.8094
    2521       2.8908
    2522       3.0519
    2523       2.9380
    2524       2.8610
    2525       2.9821
    2526       3.1421
    2527       2.9804
    2528       2.9628
    2529       3.2383
    2530       3.0454
    2531       2.9910
    2532       2.8123
    2533       2.8859
    2534       2.8454
    2535       2.8495
    2536       2.7754
    2537       2.9379
    2538       2.9401
    2539       2.8541
    2540       3.0266
    2541       2.9972
    2542       2.8380
    2543       2.9439
    2544       2.9652
    2545       2.9741
    2546       2.9596
    2547       2.9148
    2548       2.7791
    2549       2.9546
    2550       2.9455
    2551       3.0661
    2552       3.1574
    2553       3.1263
    2554       2.9148
    2555       3.4014
    2556       3.1417
    2557       3.1236
    2558       2.9543
    2559       3.3667
    2560       3.4798
    2561       3.1795
    2562       2.9804
    2563       3.0465
    2564       2.9388
    2565       3.1759
    2566       3.0909
    2567       3.0671
    2568       2.9806
    2569       2.9862
    2570       3.2143
    2571       3.3050
    2572       3.3683
    2573       3.1517
    2574       3.0426
    2575       3.0629
    2576       3.2867
    2577       3.3615
    2578       3.4504
    2579       3.2480
    2580       3.2760
    2581       3.1570
    2582       3.2325
    2583       3.2895
    2584       3.2432
    2585       3.0996
    2586       3.1800
    2587       3.3304
    2588       3.3467
    2589       3.3238
    2590       3.2486
    2591       3.3059
    2592       3.3652
    2593       3.2836
    2594       3.0805
    2595       3.0509
    2596       3.1220
    2597       3.1694
    2598       3.2272
    2599       2.9283
    2600       2.8276
    2601       3.0578
    2602       3.1470
    2603       3.2500
    2604       3.3224
    2605       3.2274
    2606       3.3273
    2607       3.4136
    2608       3.2835
    2609       3.1894
    2610       3.2423
    2611       3.2616
    2612       2.9634
    2613       3.0640
    2614       3.0937
    2615       3.2294
    2616       3.0371
    2617       2.9223
    2618       3.0415
    2619       2.9299
    2620       3.3534
    2621       3.0226
    2622       2.8025
    2623       3.0048
    2624       2.8104
    2625       2.7577
    2626       3.0039
    2627       3.0065
    2628       2.9666
    2629       3.1781
    2630       3.0884
    2631       2.9541
    2632       2.9034
    2633       2.9995
    2634       3.0307
    2635       3.0181
    2636       3.0421
    2637       2.9164
    2638       3.3666
    2639       3.1378
    2640       3.2423
    2641       3.2719
    2642       3.2021
    2643       3.0524
    2644       3.1928
    2645       3.2204
    2646       3.1725
    2647       3.2858
    2648       3.0237
    2649       3.0869
    2650       3.0351
    2651       3.2597
    2652       3.1177
    2653       3.1152
    2654       2.9212
    2655       2.9264
    2656       3.2319
    2657       3.2484
    2658       3.2519
    2659       3.3986
    2660       3.2873
    2661       3.1381
    2662       3.4252
    2663       3.3666
    2664       3.1315
    2665       3.1257
    2666       3.2286
    2667       2.7321
    2668       2.8621
    2669       2.9637
    2670       3.1031
    2671       2.8839
    2672       3.1345
    2673       3.2462
    2674       3.0004
    2675       2.9097
    2676       2.9022
    2677       3.1440
    2678       3.2684
    2679       3.2736
    2680       2.9750
    2681       3.3593
    2682       2.9981
    2683       2.9146
    2684       2.7793
    2685       3.0665
    2686       3.0220
    2687       3.0552
    2688       3.0742
    2689       3.0132
    2690       2.8097
    2691       2.9344
    2692       3.0239
    2693       2.9835
    2694       2.9960
    2695       2.9312
    2696       3.2247
    2697       3.1397
    2698       3.1392
    2699       2.9355
    2700       2.9460
    2701       2.9501
    2702       3.0000
    2703       3.2350
    2704       3.0149
    2705       2.9366
    2706       3.2009
    2707       3.3153
    2708       3.2093
    2709       3.0255
    2710       3.0110
    2711       2.9211
    2712       2.9284
    2713       3.0427
    2714       3.1241
    2715       3.0316
    2716       2.9456
    2717       3.0845
    2718       3.2732
    2719       3.0238
    2720       3.1549
    2721       3.1818
    2722       3.2552
    2723       3.3474
    2724       3.2249
    2725       3.0587
    2726       3.3089
    2727       3.3788
    2728       3.5636
    2729       3.2077
    2730       3.0189
    2731       3.4170
    2732       3.3403
    2733       3.1554
    2734       3.3603
    2735       3.2999
    2736       3.3286
    2737       3.3894
    2738       3.3192
    2739       3.0437
    2740       3.1342
    2741       3.1024
    2742       3.2291
    2743       3.0895
    2744       3.1626
    2745       3.1646
    2746       3.0215
    2747       3.2136
    2748       3.1335
    2749       3.1390
    2750       3.1307
    2751       3.1226
    2752       3.0555
    2753       3.1843
    2754       3.1183
    2755       2.7686
    2756       2.9551
    2757       3.1089
    2758       3.0458
    2759       3.1278
    2760       3.3454
    2761       3.1747
    2762       3.2447
    2763       3.2385
    2764       3.0922
    2765       2.9168
    2766       2.9810
    2767       3.0778
    2768       2.9040
    2769       2.8547
    2770       3.1722
    2771       3.1579
    2772       3.0705
    2773       3.0740
    2774       3.1519
    2775       3.2792
    2776       2.9997
    2777       3.1616
    2778       3.1762
    2779       2.9970
    2780       3.0684
    2781       2.9294
    2782       2.9378
    2783       2.7351
    2784       2.8872
    2785       2.7160
    2786       2.7919
    2787       3.1124
    2788       3.0043
    2789       2.8735
    2790       3.1027
    2791       2.9249
    2792       3.0337
    2793       3.0078
    2794       3.1711
    2795       2.7912
    2796       2.5884
    2797       2.8998
    2798       3.0774
    2799       2.7750
    2800       2.8913
    2801       2.7758
    2802       2.9385
    2803       3.1815
    2804       2.8553
    2805       3.0002
    2806       3.1661
    2807       3.0703
    2808       3.0131
    2809       3.0098
    2810       2.7591
    2811       2.8421
    2812       2.9904
    2813       2.8445
    2814       2.8339
    2815       3.2835
    2816       3.0463
    2817       3.2852
    2818       2.9961
    2819       3.1422
    2820       2.9332
    2821       3.0746
    2822       2.8630
    2823       2.8906
    2824       3.0311
    2825       2.9687
    2826       3.1280
    2827       3.0819
    2828       3.0045
    2829       2.9041
    2830       2.8752
    2831       3.0604
    2832       3.0451
    2833       3.1681
    2834       2.9130
    2835       3.0475
    2836       2.8304
    2837       2.9620
    2838       2.8775
    2839       2.8083
    2840       2.9877
    2841       2.7890
    2842       3.0633
    2843       3.0020
    2844       3.1321
    2845       2.9245
    2846       3.1998
    2847       3.0710
    2848       2.8996
    2849       3.1829
    2850       2.8589
    2851       3.0118
    2852       3.2187
    2853       3.0096
    2854       2.9303
    2855       3.0907
    2856       2.9855
    2857       2.9781
    2858       3.1349
    2859       3.1169
    2860       3.1565
    2861       2.9300
    2862       2.9682
    2863       2.8965
    2864       3.2487
    2865       2.9122
    2866       3.0226
    2867       3.1484
    2868       3.2238
    2869       3.2937
    2870       3.3462
    2871       3.2146
    2872       3.2464
    2873       3.1329
    2874       3.3819
    2875       3.1097
    2876       3.0250
    2877       3.1087
    2878       2.8929
    2879       3.0659
    2880       3.1388
    2881       3.0843
    2882       3.1884
    2883       3.1493
    2884       3.0953
    2885       3.2322
    2886       3.1966
    2887       3.1391
    2888       3.0885
    2889       3.0370
    2890       3.1681
    2891       3.1789
    2892       3.1074
    2893       3.0938
    2894       3.0839
    2895       3.2313
    2896       3.0861
    2897       3.3006
    2898       3.2378
    2899       3.3072
    2900       3.3038
    2901       3.3554
    2902       3.1914
    2903       3.7359
    2904       3.5158
    2905       3.4360
    2906       3.2026
    2907       3.3171
    2908       3.1240
    2909       3.2177
    2910       3.4411
    2911       3.1670
    2912       2.9339
    2913       2.9268
    2914       2.9007
    2915       2.9811
    2916       2.9814
    2917       3.0918
    2918       2.9364
    2919       2.7064
    2920       2.8635
    2921       2.8454
    2922       3.0726
    2923       2.9720
    2924       2.9244
    2925       2.7859
    2926       3.0002
    2927       2.7241
    2928       2.7362
    2929       3.1248
    2930       3.2076
    2931       2.9417
    2932       2.7219
    2933       2.6837
    2934       2.8959
    2935       3.0441
    2936       2.9349
    2937       2.8421
    2938       2.8220
    2939       2.7591
    2940       2.8737
    2941       2.8902
    2942       2.9002
    2943       2.9427
    2944       2.8385
    2945       2.6524
    2946       2.7048
    2947       2.9295
    2948       2.9556
    2949       3.1763
    2950       3.2470
    2951       3.3392
    2952       3.1127
    2953       2.9797
    2954       3.0614
    2955       2.9618
    2956       2.7259
    2957       2.7569
    2958       2.9305
    2959       2.7175
    2960       3.2041
    2961       3.2135
    2962       3.0073
    2963       2.9042
    2964       2.9815
    2965       3.0038
    2966       2.9880
    2967       2.9005
    2968       2.6264
    2969       2.9384
    2970       2.8435
    2971       2.8362
    2972       2.7020
    2973       2.9400
    2974       3.3107
    2975       3.0738
    2976       3.1189
    2977       2.7643
    2978       3.0134
    2979       2.9217
    2980       2.8772
    2981       3.0660
    2982       2.9462
    2983       2.9419
    2984       2.9926
    2985       3.1123
    2986       3.1061
    2987       2.8595
    2988       3.1342
    2989       2.9589
    2990       2.8356
    2991       2.9166
    2992       3.0074
    2993       2.7694
    2994       2.7786
    2995       2.6510
    2996       2.7807
    2997       2.7471
    2998       2.7057
    2999       2.5008
    3000       2.7796
    3001       2.8904
    3002       2.8151
    3003       2.7128
    3004       2.9188
    3005       2.7131
    3006       2.6840
    3007       2.5136
    3008       2.5881
    3009       2.7395
    3010       2.9269
    3011       2.8736
    3012       2.9092
    3013       2.8069
    3014       2.9249
    3015       3.1157
    3016       2.9576
    3017       3.1862
    3018       2.8852
    3019       2.9586
    3020       2.8695
    3021       3.1405
    3022       3.0719
    3023       3.0902
    3024       2.9285
    3025       2.9812
    3026       2.9288
    3027       2.9911
    3028       3.0575
    3029       3.1150
    3030       2.8766
    3031       2.9095
    3032       3.0167
    3033       2.9954
    3034       2.9072
    3035       2.8094
    3036       2.7640
    3037       2.7393
    3038       2.8366
    3039       2.8502
    3040       2.8474
    3041       2.8868
    3042       2.8603
    3043       2.7015
    3044       2.7813
    3045       2.6117
    3046       2.8326
    3047       2.7328
    3048       3.0049
    3049       2.9908
    3050       2.8352
    3051       2.6702
    3052       2.7504
    3053       2.7417
    3054       2.7985
    3055       2.7457
    3056       2.8807
    3057       2.8759
    3058       2.7646
    3059       2.9943
    3060       2.8101
    3061       2.9445
    3062       3.0867
    3063       2.9955
    3064       2.8062
    3065       2.7164
    3066       2.8792
    3067       2.6618
    3068       2.6824
    3069       3.1242
    3070       3.1788
    3071       2.9758
    3072       3.3399
    3073       3.1916
    3074       3.1082
    3075       3.2895
    3076       3.2557
    3077       3.2698
    3078       3.1858
    3079       3.1204
    3080       3.3639
    3081       2.9340
    3082       3.0622
    3083       2.9471
    3084       2.9385
    3085       3.0151
    3086       3.0132
    3087       2.9917
    3088       2.9416
    3089       2.8391
    3090       2.8166
    3091       3.0918
    3092       3.0704
    3093       3.1931
    3094       3.2120
    3095       3.0335
    3096       3.1477
    3097       3.2978
    3098       2.9948
    3099       3.0869
    3100       3.0381
    3101       2.9781
    3102       2.9486
    3103       3.2543
    3104       3.1099
    3105       3.2323
    3106       3.2083
    3107       3.0056
    3108       3.2085
    3109       3.1114
    3110       3.1373
    3111       2.9245
    3112       3.0809
    3113       3.4360
    3114       3.1358
    3115       2.9342
    3116       3.1471
    3117       3.0533
    3118       2.9358
    3119       2.9822
    3120       2.8612
    3121       2.8865
    3122       2.6575
    3123       2.5754
    3124       2.7338
    3125       2.8094
    3126       2.9041
    3127       2.8353
    3128       2.9123
    3129       2.8722
    3130       2.9528
    3131       3.1430
    3132       3.2676
    3133       3.0589
    3134       3.1753
    3135       3.1809
    3136       3.2311
    3137       3.1605
    3138       3.1266
    3139       3.1750
    3140       3.2339
    3141       3.1604
    3142       3.1392
    3143       2.9931
    3144       2.9158
    3145       3.0803
    3146       3.2256
    3147       3.2814
    3148       3.1487
    3149       3.0312
    3150       3.1728
    3151       3.2649
    3152       3.1264
    3153       3.3095
    3154       3.3680
    3155       3.0551
    3156       3.0118
    3157       3.2368
    3158       3.1448
    3159       2.9872
    3160       3.0969
    3161       3.2490
    3162       3.1229
    3163       2.8906
    3164       2.8934
    3165       3.0055
    3166       3.0829
    3167       3.0391
    3168       3.1774
    3169       3.0329
    3170       2.9670
    3171       2.9063
    3172       3.0958
    3173       3.1639
    3174       3.0032
    3175       3.0876
    3176       2.9563
    3177       2.6669
    3178       3.1158
    3179       3.0284
    3180       3.1509
    3181       2.9184
    3182       2.9734
    3183       3.1245
    3184       3.0510
    3185       3.0441
    3186       3.1230
    3187       3.0520
    3188       3.0417
    3189       2.9410
    3190       3.1660
    3191       3.0292
    3192       2.9269
    3193       3.0816
    3194       3.0762
    3195       2.9676
    3196       3.0391
    3197       2.8556
    3198       2.9333
    3199       2.8019
    3200       2.9188
    3201       2.9165
    3202       2.9693
    3203       2.9565
    3204       3.1208
    3205       3.0919
    3206       2.9575
    3207       2.9617
    3208       3.0882
    3209       3.0675
    3210       3.0032
    3211       3.0543
    3212       2.9606
    3213       3.2852
    3214       3.2836
    3215       3.1209
    3216       3.0087
    3217       2.9081
    3218       2.9764
    3219       3.1482
    3220       3.4234
    3221       3.0590
    3222       3.0972
    3223       2.8272
    3224       3.1010
    3225       2.7828
    3226       3.0872
    3227       2.8944
    3228       2.9847
    3229       2.9730
    3230       3.0105
    3231       2.9536
    3232       2.8770
    3233       3.2925
    3234       2.9408
    3235       3.1058
    3236       3.1519
    3237       3.0883
    3238       2.9663
    3239       2.9786
    3240       3.2494
    3241       2.9855
    3242       3.1546
    3243       3.0351
    3244       3.0090
    3245       2.9172
    3246       2.8243
    3247       2.7980
    3248       2.7947
    3249       2.7674
    3250       2.9870
    3251       2.8594
    3252       3.0168
    3253       2.9135
    3254       2.8450
    3255       3.0359
    3256       2.8860
    3257       2.7518
    3258       3.0277
    3259       2.9814
    3260       3.0770
    3261       3.1037
    3262       3.0077
    3263       3.1369
    3264       3.1736
    3265       3.1763
    3266       3.1724
    3267       3.2761
    3268       2.9232
    3269       3.1268
    3270       3.0817
    3271       2.9944
    3272       2.9614
    3273       3.2063
    3274       3.1461
    3275       3.1499
    3276       3.0776
    3277       3.0334
    3278       3.0563
    3279       3.1461
    3280       2.9512
    3281       2.9859
    3282       3.2409
    3283       3.1392
    3284       3.1843
    3285       3.3445
    3286       2.9821
    3287       3.1704
    3288       3.0063
    3289       2.9214
    3290       2.9542
    3291       2.9470
    3292       2.9901
    3293       2.7313
    3294       2.6796
    3295       2.9421
    3296       2.9755
    3297       3.0475
    3298       3.1144
    3299       3.0874
    3300       2.9362
    3301       3.1179
    3302       2.9203
    3303       3.0296
    3304       2.9929
    3305       2.9304
    3306       3.2970
    3307       3.0177
    3308       3.2146
    3309       3.0428
    3310       2.7920
    3311       3.0409
    3312       2.9674
    3313       3.0362
    3314       2.9140
    3315       3.1741
    3316       3.0245
    3317       2.9223
    3318       3.0325
    3319       3.0178
    3320       2.9942
    3321       3.0079
    3322       2.9838
    3323       3.0269
    3324       2.8930
    3325       2.8954
    3326       2.8785
    3327       3.0303
    3328       2.7719
    3329       2.8990
    3330       3.0141
    3331       2.6816
    3332       2.9307
    3333       3.1408
    3334       2.9892
    3335       3.1352
    3336       3.0580
    3337       2.9656
    3338       2.9174
    3339       3.0409
    3340       2.9171
    3341       3.0713
    3342       3.3847
    3343       3.0373
    3344       2.9330
    3345       3.0065
    3346       3.3150
    3347       3.1286
    3348       3.1616
    3349       3.2271
    3350       2.9309
    3351       3.0781
    3352       3.0819
    3353       3.0764
    3354       3.0909
    3355       2.9969
    3356       2.9819
    3357       3.1045
    3358       3.0647
    3359       3.1529
    3360       3.1840
    3361       3.1664
    3362       3.0858
    3363       3.1759
    3364       3.2266
    3365       3.2084
    3366       3.1992
    3367       3.2983
    3368       3.3571
    3369       3.0971
    3370       3.3216
    3371       3.1904
    3372       3.2202
    3373       3.2573
    3374       3.1718
    3375       3.0370
    3376       2.8775
    3377       3.0580
    3378       3.4120
    3379       3.0968
    3380       3.0747
    3381       3.1908
    3382       3.2361
    3383       3.1896
    3384       3.0724
    3385       3.0235
    3386       2.9036
    3387       2.9203
    3388       3.0536
    3389       3.0810
    3390       3.0286
    3391       2.9726
    3392       3.1753
    3393       3.1120
    3394       3.1830
    3395       3.0346
    3396       3.2027
    3397       2.8790
    3398       2.8864
    3399       2.9203
    3400       3.0118
    3401       3.1728
    3402       3.1679
    3403       2.9910
    3404       3.1536
    3405       3.2386
    3406       3.1582
    3407       2.9719
    3408       3.1791
    3409       2.9522
    3410       3.0169
    3411       3.2589
    3412       3.0877
    3413       3.2449
    3414       3.2279
    3415       3.3131
    3416       3.1199
    3417       3.2322
    3418       3.2879
    3419       3.0845
    3420       3.0913
    3421       3.1411
    3422       3.0301
    3423       3.0379
    3424       3.1458
    3425       2.8990
    3426       3.0297
    3427       2.8532
    3428       2.9303
    3429       2.9990
    3430       3.0287
    3431       3.1989
    3432       3.0318
    3433       2.9954
    3434       3.0243
    3435       3.1195
    3436       3.0619
    3437       3.3022
    3438       3.1257
    3439       3.2190
    3440       3.4477
    3441       3.2847
    3442       3.2197
    3443       3.3856
    3444       3.1533
    3445       3.0230
    3446       3.0724
    3447       3.0244
    3448       2.8810
    3449       2.9491
    3450       3.1575
    3451       3.1580
    3452       3.0267
    3453       3.2821
    3454       3.1143
    3455       3.0395
    3456       2.8378
    3457       2.9512
    3458       2.8859
    3459       2.9800
    3460       3.1339
    3461       3.2545
    3462       3.3130
    3463       3.3348
    3464       3.3039
    3465       3.0637
    3466       3.3956
    3467       3.4397
    3468       3.2415
    3469       3.3229
    3470       3.3825
    3471       3.2447
    3472       3.1568
    3473       3.2927
    3474       3.3521
    3475       3.1471
    3476       2.9823
    3477       2.8719
    3478       3.1202
    3479       3.0262
    3480       3.2229
    3481       3.1227
    3482       2.9958
    3483       3.0607
    3484       3.1670
    3485       3.3840
    3486       3.2331
    3487       3.1415
    3488       3.1127
    3489       3.1896
    3490       3.0255
    3491       2.9479
    3492       3.0922
    3493       3.2764
    3494       3.1706
    3495       3.0278
    3496       3.1025
    3497       2.9958
    3498       3.0732
    3499       2.8641
    3500       3.1242
    3501       3.0188
    3502       3.1902
    3503       3.2807
    3504       3.3368
    3505       3.2736
    3506       3.2333
    3507       3.0577
    3508       3.2465
    3509       3.2669
    3510       3.3068
    3511       3.3818
    3512       3.2041
    3513       3.1877
    3514       3.2229
    3515       3.2144
    3516       2.9100
    3517       3.3388
    3518       3.4429
    3519       3.2442
    3520       3.2408
    3521       3.2144
    3522       3.4714
    3523       3.4213
    3524       3.2212
    3525       3.2738
    3526       3.1253
    3527       3.3377
    3528       3.2772
    3529       3.1014
    3530       3.3313
    3531       3.3305
    3532       3.1745
    3533       3.0837
    3534       3.2665
    3535       3.2913
    3536       3.0245
    3537       3.0494
    3538       3.0401
    3539       3.0577
    3540       3.2156
    3541       3.1198
    3542       3.2374
    3543       3.1221
    3544       3.2200
    3545       3.2536
    3546       3.3386
    3547       3.3599
    3548       3.2915
    3549       3.3371
    3550       3.3746
    3551       3.0597
    3552       3.3428
    3553       3.4937
    3554       3.4704
    3555       3.4514
    3556       3.6170
    3557       3.3342
    3558       3.5389
    3559       3.3639
    3560       3.2722
    3561       3.5393
    3562       3.4263
    3563       3.4537
    3564       3.2898
    3565       3.4405
    3566       3.4928
    3567       3.2681
    3568       3.3567
    3569       3.2329
    3570       3.1928
    3571       3.2620
    3572       3.1332
    3573       3.1950
    3574       3.4356
    3575       3.3227
    3576       3.1526
    3577       3.3449
    3578       2.9245
    3579       3.2724
    3580       3.0604
    3581       2.9728
    3582       2.9737
    3583       3.1957
    3584       3.0516
    3585       3.2808
    3586       2.8659
    3587       3.0463
    3588       3.1898
    3589       3.1342
    3590       3.0632
    3591       3.0824
    3592       2.8424
    3593       3.1620
    3594       3.0196
    3595       3.0477
    3596       3.0591
    3597       2.8663
    3598       3.0254
    3599       3.1178
    3600       3.2582
    3601       3.2350
    3602       3.3231
    3603       3.1409
    3604       2.9758
    3605       3.1253
    3606       2.9729
    3607       3.0512
    3608       3.0886
    3609       3.1710
    3610       3.0805
    3611       3.0477
    3612       2.9758
    3613       2.9610
    3614       3.0403
    3615       3.1931
    3616       3.1123
    3617       3.1577
    3618       2.9805
    3619       2.9969
    3620       2.8793
    3621       2.7743
    3622       2.8172
    3623       2.6981
    3624       2.8903
    3625       2.7887
    3626       2.7148
    3627       2.8430
    3628       2.8038
    3629       2.6800
    3630       2.9228
    3631       3.0656
    3632       3.0622
    3633       3.0242
    3634       3.1283
    3635       2.8929
    3636       3.1027
    3637       2.9234
    3638       2.9405
    3639       3.2478
    3640       3.0078
    3641       3.0579
    3642       3.2132
    3643       2.9783
    3644       3.1911
    3645       3.0870
    3646       3.1050
    3647       3.0011
    3648       3.0128
    3649       3.1743
    3650       3.0982
    3651       3.0470
    3652       3.0856
    3653       3.1552
    3654       3.3896
    3655       3.1438
    3656       2.9344
    3657       3.1137
    3658       3.0134
    3659       3.4532
    3660       3.4707
    3661       3.6210
    3662       3.2416
    3663       3.3202
    3664       3.4392
    3665       3.2495
    3666       3.2744
    3667       3.2703
    3668       2.9454
    3669       3.2164
    3670       3.0383
    3671       2.9512
    3672       2.9965
    3673       2.8882
    3674       2.9401
    3675       3.1007
    3676       3.0013
    3677       3.0145
    3678       2.8920
    3679       2.9661
    3680       3.3539
    3681       2.9818
    3682       3.0023
    3683       3.0668
    3684       3.2000
    3685       3.0365
    3686       3.0820
    3687       3.2977
    3688       3.3671
    3689       3.1377
    3690       3.1354
    3691       3.2415
    3692       3.2477
    3693       3.2676
    3694       3.4150
    3695       3.0373
    3696       2.8244
    3697       2.9152
    3698       2.6402
    3699       3.0967
    3700       2.8634
    3701       3.1500
    3702       2.9421
    3703       3.1226
    3704       3.1479
    3705       3.1218
    3706       2.9028
    3707       3.0029
    3708       3.0320
    3709       2.9962
    3710       3.0049
    3711       2.8007
    3712       2.6651
    3713       2.9472
    3714       2.7657
    3715       2.7302
    3716       2.9011
    3717       3.2124
    3718       3.1852
    3719       3.2649
    3720       3.1627
    3721       3.0235
    3722       3.1243
    3723       2.8481
    3724       3.1233
    3725       2.9526
    3726       3.1580
    3727       2.9975
    3728       3.0104
    3729       3.1044
    3730       3.1607
    3731       3.0676
    3732       3.1367
    3733       3.1662
    3734       3.5132
    3735       3.2810
    3736       3.2058
    3737       3.3817
    3738       3.4418
    3739       3.2808
    3740       3.0975
    3741       3.1367
    3742       3.3227
    3743       3.1307
    3744       3.1529
    3745       3.1865
    3746       3.1177
    3747       3.3077
    3748       3.1792
    3749       3.1892
    3750       3.2756
    3751       3.2633
    3752       3.3798
    3753       3.4470
    3754       2.9798
    3755       3.1000
    3756       3.1634
    3757       3.1339
    3758       3.4137
    3759       3.4041
    3760       3.3695
    3761       3.5529
    3762       3.1511
    3763       3.0653
    3764       3.0316
    3765       3.0976
    3766       3.1714
    3767       3.1817
    3768       3.0579
    3769       3.1711
    3770       2.9755
    3771       2.9470
    3772       2.9775
    3773       2.9415
    3774       3.1279
    3775       3.2700
    3776       3.0792
    3777       3.1855
    3778       3.1936
    3779       3.0726
    3780       3.1154
    3781       2.9634
    3782       3.1285
    3783       3.3112
    3784       2.9451
    3785       3.1875
    3786       3.1491
    3787       3.3042
    3788       3.1511
    3789       3.0443
    3790       3.2667
    3791       3.2741
    3792       3.2924
    3793       3.2802
    3794       3.2453
    3795       2.9780
    3796       3.2528
    3797       3.1557
    3798       3.0967
    3799       3.2748
    3800       3.0513
    3801       3.2786
    3802       3.0264
    3803       3.1237
    3804       3.3115
    3805       3.0033
    3806       3.0425
    3807       3.2020
    3808       3.0653
    3809       3.1116
    3810       3.1505
    3811       3.1167
    3812       3.1657
    3813       3.1571
    3814       3.3659
    3815       2.9868
    3816       3.1323
    3817       3.1042
    3818       3.0145
    3819       3.2329
    3820       3.0730
    3821       3.0580
    3822       3.0667
    3823       3.0683
    3824       3.0720
    3825       3.2458
    3826       3.1424
    3827       3.2676
    3828       3.3998
    3829       3.1980
    3830       3.3638
    3831       3.0322
    3832       3.3565
    3833       3.1339
    3834       3.2129
    3835       3.2136
    3836       3.1456
    3837       3.0192
    3838       2.8231
    3839       2.9738
    3840       2.9874
    3841       2.6908
    3842       2.9367
    3843       2.9096
    3844       2.9775
    3845       3.0137
    3846       3.0517
    3847       2.9999
    3848       2.9608
    3849       2.9695
    3850       2.6781
    3851       2.9463
    3852       2.8403
    3853       3.0824
    3854       2.8425
    3855       3.1104
    3856       2.9636
    3857       3.0169
    3858       2.9188
    3859       2.9785
    3860       3.0812
    3861       3.0273
    3862       2.9446
    3863       2.9952
    3864       3.1365
    3865       3.1851
    3866       3.1653
    3867       3.0587
    3868       3.1271
    3869       3.0049
    3870       3.3727
    3871       3.1263
    3872       3.1006
    3873       3.0494
    3874       3.2096
    3875       2.8402
    3876       2.7381
    3877       2.6166
    3878       2.7860
    3879       2.5807
    3880       2.7306
    3881       2.8897
    3882       2.6228
    3883       2.8103
    3884       2.7562
    3885       2.5679
    3886       2.6617
    3887       2.6987
    3888       2.8308
    3889       2.9223
    3890       2.8864
    3891       2.6728
    3892       2.6863
    3893       2.6418
    3894       2.6420
    3895       2.7335
    3896       2.6712
    3897       2.7160
    3898       2.5665
    3899       2.7383
    3900       2.5748
    3901       2.6596
    3902       3.1084
    3903       2.8888
    3904       2.8544
    3905       2.7122
    3906       2.8537
    3907       2.9012
    3908       2.7321
    3909       2.6345
    3910       2.7310
    3911       3.0111
    3912       2.9966
    3913       2.8446
    3914       2.7151
    3915       2.6831
    3916       2.6361
    3917       2.6999
    3918       2.7036
    3919       2.8077
    3920       3.0319
    3921       3.0932
    3922       2.9873
    3923       3.0468
    3924       2.9211
    3925       3.1820
    3926       2.8115
    3927       2.8437
    3928       3.1069
    3929       3.1146
    3930       3.0914
    3931       2.9321
    3932       2.9762
    3933       2.9040
    3934       2.8606
    3935       3.0307
    3936       3.3274
    3937       3.2641
    3938       3.3243
    3939       3.0421
    3940       3.1275
    3941       3.0415
    3942       3.2252
    3943       3.0440
    3944       3.0967
    3945       2.8556
    3946       2.7544
    3947       3.1407
    3948       3.0109
    3949       2.9715
    3950       3.0047
    3951       3.1370
    3952       3.0970
    3953       3.1310
    3954       3.0668
    3955       3.0884
    3956       3.1964
    3957       3.4615
    3958       3.0741
    3959       2.9689
    3960       3.2020
    3961       3.1063
    3962       3.0745
    3963       3.1162
    3964       3.1712
    3965       3.0185
    3966       3.3222
    3967       3.1689
    3968       3.0317
    3969       3.3112
    3970       2.9437
    3971       3.2325
    3972       3.3244
    3973       3.1221
    3974       3.1455
    3975       3.1383
    3976       3.0513
    3977       3.1958
    3978       3.0656
    3979       3.2404
    3980       3.1991
    3981       3.2156
    3982       3.3960
    3983       3.3130
    3984       3.1661
    3985       3.0316
    3986       3.1905
    3987       3.3431
    3988       3.4508
    3989       3.2433
    3990       3.1427
    3991       3.2306
    3992       3.0781
    3993       3.1406
    3994       3.0552
    3995       3.1546
    3996       3.1221
    3997       3.3043
    3998       3.1261
    3999       3.1866
    4000       3.1523
    4001       3.2009
    4002       3.1064
    4003       3.1600
    4004       3.1051
    4005       2.8611
    4006       3.2557
    4007       2.8605
    4008       2.9965
    4009       2.8930
    4010       2.9838
    4011       2.7256
    4012       3.1101
    4013       2.9053
    4014       2.9204
    4015       3.0815
    4016       3.1997
    4017       3.2568
    4018       3.1576
    4019       2.8227
    4020       2.9494
    4021       2.8242
    4022       2.7103
    4023       2.9357
    4024       2.7881
    4025       2.9361
    4026       2.8726
    4027       2.8199
    4028       3.1649
    4029       3.0126
    4030       3.1477
    4031       3.1818
    4032       3.2980
    4033       3.2034
    4034       3.1175
    4035       2.8337
    4036       2.9644
    4037       2.9670
    4038       3.2172
    4039       3.1199
    4040       3.0613
    4041       2.9751
    4042       3.0387
    4043       3.1244
    4044       3.0763
    4045       2.9198
    4046       3.0061
    4047       3.0697
    4048       3.2625
    4049       2.8874
    4050       2.7816
    4051       2.9312
    4052       3.2134
    4053       2.9956
    4054       3.0480
    4055       3.1378
    4056       3.1608
    4057       3.1417
    4058       3.0167
    4059       3.0971
    4060       3.1025
    4061       3.0920
    4062       3.1124
    4063       2.9009
    4064       2.9814
    4065       2.8120
    4066       3.0078
    4067       3.1052
    4068       3.0716
    4069       3.0405
    4070       2.9891
    4071       3.1532
    4072       2.9352
    4073       2.9737
    4074       3.0402
    4075       2.9932
    4076       3.2023
    4077       3.3974
    4078       3.1298
    4079       3.0121
    4080       2.9457
    4081       3.1859
    4082       2.8430
    4083       2.8552
    4084       3.0043
    4085       2.9838
    4086       2.9072
    4087       2.8543
    4088       3.0282
    4089       3.2080
    4090       3.2994
    4091       3.0944
    4092       2.9664
    4093       2.8531
    4094       2.7183
    4095       3.1092
    4096       3.1402
    4097       3.1799
    4098       3.0737
    4099       2.9685
    4100       2.9612
    4101       2.9157
    4102       2.8202
    4103       2.8971
    4104       2.7242
    4105       2.8402
    4106       2.9204
    4107       2.7245
    4108       2.8190
    4109       2.8099
    4110       2.9632
    4111       2.9919
    4112       3.1470
    4113       2.9496
    4114       3.3483
    4115       3.0630
    4116       2.9382
    4117       2.8637
    4118       2.8612
    4119       2.7850
    4120       3.0218
    4121       2.7913
    4122       2.9217
    4123       3.0876
    4124       3.1018
    4125       3.0528
    4126       2.9991
    4127       3.0007
    4128       3.0739
    4129       3.0670
    4130       3.0047
    4131       3.0602
    4132       3.1523
    4133       3.0844
    4134       2.9950
    4135       2.9689
    4136       3.1467
    4137       3.1548
    4138       3.0735
    4139       3.0691
    4140       3.0462
    4141       3.1724
    4142       3.0025
    4143       3.0360
    4144       2.9906
    4145       2.9525
    4146       2.9835
    4147       3.1018
    4148       2.9489
    4149       2.9422
    4150       2.7967
    4151       2.6554
    4152       2.8891
    4153       2.9382
    4154       2.8483
    4155       3.0728
    4156       2.9210
    4157       2.9298
    4158       2.8707
    4159       2.8914
    4160       3.0810
    4161       2.8674
    4162       2.9130
    4163       2.7695
    4164       2.9582
    4165       2.8453
    4166       2.7869
    4167       2.8382
    4168       3.0204
    4169       2.9967
    4170       3.1147
    4171       2.7959
    4172       3.0048
    4173       3.2071
    4174       2.9977
    4175       3.1517
    4176       3.1855
    4177       3.1915
    4178       3.1824
    4179       3.2777
    4180       2.8447
    4181       2.7982
    4182       3.0403
    4183       3.0055
    4184       2.8486
    4185       3.0626
    4186       2.8479
    4187       2.9489
    4188       2.9455
    4189       3.0163
    4190       3.0242
    4191       2.6721
    4192       2.5879
    4193       2.9234
    4194       2.8111
    4195       2.8816
    4196       2.7725
    4197       2.8937
    4198       2.9137
    4199       3.1299
    4200       2.8692
    4201       2.8629
    4202       3.0855
    4203       3.0478
    4204       2.9859
    4205       3.0688
    4206       2.8201
    4207       2.9814
    4208       2.9840
    4209       3.0110
    4210       3.1221
    4211       3.0146
    4212       3.0816
    4213       2.9924
    4214       3.4767
    4215       3.4360
    4216       3.2975
    4217       2.9999
    4218       3.0133
    4219       3.2286
    4220       3.0472
    4221       3.1800
    4222       2.9300
    4223       2.9851
    4224       3.0481
    4225       2.8490
    4226       2.9041
    4227       2.8536
    4228       3.1283
    4229       3.2277
    4230       2.9707
    4231       3.2787
    4232       3.1507
    4233       3.1663
    4234       3.1935
    4235       3.1616
    4236       2.9450
    4237       3.0460
    4238       3.0167
    4239       3.2300
    4240       3.3390
    4241       3.0793
    4242       2.9800
    4243       2.9900
    4244       2.9930
    4245       3.0337
    4246       3.1142
    4247       2.9930
    4248       2.9445
    4249       2.9289
    4250       2.9330
    4251       2.8725
    4252       2.9311
    4253       2.8427
    4254       2.7154
    4255       2.8248
    4256       2.7289
    4257       2.8362
    4258       2.9063
    4259       2.7760
    4260       2.7875
    4261       2.9162
    4262       2.8462
    4263       2.9919
    4264       3.0882
    4265       2.9432
    4266       3.0652
    4267       3.1956
    4268       3.1944
    4269       3.1070
    4270       2.9958
    4271       2.9866
    4272       2.9067
    4273       2.8741
    4274       3.0160
    4275       2.9488
    4276       2.7954
    4277       2.9561
    4278       2.6560
    4279       2.9415
    4280       2.9647
    4281       2.8911
    4282       2.8314
    4283       3.0849
    4284       2.8676
    4285       2.8662
    4286       2.8413
    4287       2.6605
    4288       2.6995
    4289       2.5616
    4290       2.7046
    4291       2.5672
    4292       2.5569
    4293       2.6812
    4294       2.7810
    4295       2.6883
    4296       2.6922
    4297       2.6427
    4298       2.5814
    4299       2.5890
    4300       2.6149
    4301       2.5110
    4302       2.6671
    4303       2.3935
    4304       2.5920
    4305       2.6372
    4306       2.5164
    4307       2.7457
    4308       2.6585
    4309       2.6022
    4310       2.6818
    4311       2.5644
    4312       2.6099
    4313       2.6341
    4314       2.4937
    4315       2.5415
    4316       2.5526
    4317       2.5227
    4318       2.2906
    4319       2.5399
    4320       2.8556
    4321       2.6227
    4322       2.8593
    4323       2.8238
    4324       2.7482
    4325       2.7721
    4326       2.8723
    4327       3.0435
    4328       2.6572
    4329       2.8111
    4330       2.7317
    4331       2.8177
    4332       2.9271
    4333       2.8588
    4334       2.8972
    4335       2.7454
    4336       2.7975
    4337       2.6951
    4338       2.7590
    4339       2.6708
    4340       2.9645
    4341       2.8049
    4342       2.8019
    4343       3.0119
    4344       3.0095
    4345       2.9508
    4346       3.0914
    4347       3.0338
    4348       2.9040
    4349       2.9979
    4350       2.8056
    4351       3.0100
    4352       2.7860
    4353       2.7907
    4354       2.7563
    4355       2.9240
    4356       2.7494
    4357       2.8421
    4358       2.6642
    4359       2.6571
    4360       2.9589
    4361       2.6926
    4362       2.8111
    4363       2.7723
    4364       2.8479
    4365       2.7660
    4366       2.6418
    4367       2.8721
    4368       2.7751
    4369       2.8013
    4370       2.8518
    4371       2.9043
    4372       2.8280
    4373       2.8471
    4374       2.9239
    4375       2.8303
    4376       2.7537
    4377       2.6154
    4378       2.7472
    4379       2.9235
    4380       2.6791
    4381       3.0257
    4382       2.6744
    4383       2.5731
    4384       2.6452
    4385       2.7704
    4386       2.7802
    4387       2.9374
    4388       2.5159
    4389       2.6121
    4390       2.6043
    4391       2.7540
    4392       2.7069
    4393       2.7684
    4394       2.7481
    4395       2.7689
    4396       2.9757
    4397       2.9779
    4398       3.1284
    4399       2.9914
    4400       3.2891
    4401       3.3570
    4402       3.1815
    4403       3.0797
    4404       3.2212
    4405       3.1539
    4406       3.0423
    4407       2.9915
    4408       2.9700
    4409       2.9265
    4410       2.7970
    4411       3.1749
    4412       3.2734
    4413       3.0993
    4414       3.1090
    4415       2.9641
    4416       2.8770
    4417       2.9860
    4418       2.6215
    4419       2.8100
    4420       2.6661
    4421       2.7772
    4422       3.0385
    4423       3.0988
    4424       2.9763
    4425       3.1397
    4426       3.0911
    4427       3.0389
    4428       2.7333
    4429       3.1468
    4430       2.9599
    4431       2.7689
    4432       2.7622
    4433       2.8445
    4434       2.8014
    4435       2.9652
    4436       3.0678
    4437       3.1618
    4438       2.8489
    4439       2.8576
    4440       2.9318
    4441       2.7590
    4442       2.9513
    4443       2.9028
    4444       2.8189
    4445       2.8843
    4446       2.7997
    4447       2.8509
    4448       2.9243
    4449       2.8340
    4450       2.9824
    4451       2.8593
    4452       2.7215
    4453       2.9156
    4454       2.7687
    4455       2.7262
    4456       2.8303
    4457       2.7932
    4458       2.9525
    4459       2.8372
    4460       2.8991
    4461       2.8189
    4462       2.8101
    4463       2.8646
    4464       2.7663
    4465       3.1268
    4466       2.9419
    4467       2.8656
    4468       3.0026
    4469       2.8255
    4470       3.0894
    4471       3.1589
    4472       3.0258
    4473       2.7840
    4474       2.6911
    4475       2.5956
    4476       2.8546
    4477       2.8066
    4478       2.7064
    4479       2.8297
    4480       2.9783
    4481       2.8604
    4482       2.8381
    4483       2.9261
    4484       2.7578
    4485       3.1038
    4486       2.8661
    4487       2.7988
    4488       2.8056
    4489       2.7847
    4490       2.8447
    4491       2.8644
    4492       2.8179
    4493       2.8299
    4494       2.7227
    4495       2.8600
    4496       2.9731
    4497       3.0619
    4498       2.9839
    4499       3.0356
    4500       3.0066
    4501       2.9873
    4502       2.9402
    4503       2.7778
    4504       2.9882
    4505       3.2366
    4506       3.2622
    4507       3.1119
    4508       3.3994
    4509       3.3802
    4510       3.4714
    4511       3.1791
    4512       3.3490
    4513       3.1667
    4514       3.0254
    4515       3.2855
    4516       2.8946
    4517       3.2960
    4518       3.2522
    4519       3.4596
    4520       3.4201
    4521       3.0286
    4522       3.0603
    4523       3.2098
    4524       3.0045
    4525       3.0925
    4526       2.9842
    4527       3.0181
    4528       2.7485
    4529       3.1027
    4530       3.2977
    4531       3.1009
    4532       3.1577
    4533       3.0874
    4534       2.8830
    4535       2.7307
    4536       2.9475
    4537       3.1036
    4538       2.8573
    4539       2.7394
    4540       2.9212
    4541       2.9559
    4542       3.0143
    4543       3.1077
    4544       3.2013
    4545       2.9588
    4546       3.2614
    4547       3.5013
    4548       3.3223
    4549       3.2695
    4550       3.3010
    4551       3.3499
    4552       3.5787
    4553       3.3128
    4554       3.2207
    4555       3.3389
    4556       3.3861
    4557       3.5106
    4558       3.6314
    4559       3.8727
    4560       3.5041
    4561       3.6943
    4562       3.5443
    4563       3.5517
    4564       3.5979
    4565       3.6695
    4566       3.8247
    4567       3.6044
    4568       3.5155
    4569       3.4120
    4570       3.3374
    4571       3.3852
    4572       3.2973
    4573       3.2591
    4574       3.3620
    4575       3.2209
    4576       3.2191
    4577       3.3079
    4578       3.7202
    4579       3.5195
    4580       3.3061
    4581       3.3441
    4582       3.3642
    4583       3.0718
    4584       3.1229
    4585       3.1929
    4586       3.1713
    4587       3.2391
    4588       3.3936
    4589       3.5892
    4590       3.5396
    4591       3.4003
    4592       3.7192
    4593       3.6277
    4594       3.6028
    4595       3.5538
    4596       3.6417
    4597       3.3783
    4598       3.4474
    4599       3.3824
    4600       3.5520
    4601       3.6989
    4602       3.5884
    4603       3.8036
    4604       3.4545
    4605       3.5891
    4606       3.5595
    4607       3.5272
    4608       3.5833
    4609       3.7281
    4610       3.6507
    4611       3.4190
    4612       3.7520
    4613       3.8188
    4614       3.7631
    4615       3.8584
    4616       3.9230
    4617       3.6866
    4618       3.6768
    4619       3.6637
    4620       3.7325
    4621       3.4553
    4622       3.6455
    4623       3.4822
    4624       3.3498
    4625       3.2155
    4626       3.5164
    4627       3.3015
    4628       3.4899
    4629       3.2941
    4630       3.5043
    4631       3.3252
    4632       3.4570
    4633       3.5947
    4634       3.5722
    4635       3.7850
    4636       3.9369
    4637       3.7553
    4638       3.4881
    4639       3.7708
    4640       3.7907
    4641       3.7243
    4642       3.5738
    4643       3.6059
    4644       3.3296
    4645       3.5902
    4646       3.4936
    4647       3.4817
    4648       3.2888
    4649       3.4684
    4650       3.5752
    4651       3.6024
    4652       3.3110
    4653       3.3457
    4654       3.3535
    4655       3.6641
    4656       3.5065
    4657       3.2819
    4658       3.3960
    4659       3.2981
    4660       3.2669
    4661       3.2298
    4662       3.4278
    4663       3.6072
    4664       3.5476
    4665       3.3268
    4666       3.2409
    4667       3.0630
    4668       3.1325
    4669       3.1665
    4670       3.3030
    4671       3.3896
    4672       3.2271
    4673       3.3587
    4674       3.3274
    4675       3.1857
    4676       3.1991
    4677       3.3753
    4678       3.2732
    4679       3.1877
    4680       3.1685
    4681       3.1879
    4682       3.0646
    4683       3.0365
    4684       3.3472
    4685       3.3960
    4686       3.1702
    4687       3.2063
    4688       3.2926
    4689       3.3242
    4690       3.2602
    4691       3.0865
    4692       3.1762
    4693       3.0872
    4694       3.0431
    4695       3.3415
    4696       3.1866
    4697       3.4620
    4698       3.2551
    4699       3.1834
    4700       3.1298
    4701       3.2600
    4702       3.1048
    4703       3.1050
    4704       2.9804
    4705       3.1299
    4706       3.0536
    4707       3.0722
    4708       3.1723
    4709       3.1855
    4710       3.2264
    4711       3.0910
    4712       3.0267
    4713       3.0508
    4714       3.2541
    4715       3.1546
    4716       3.2043
    4717       3.1050
    4718       2.9480
    4719       3.3496
    4720       3.4472
    4721       3.0241
    4722       3.4609
    4723       3.3224
    4724       3.3283
    4725       3.2576
    4726       3.5225
    4727       3.3722
    4728       3.5479
    4729       3.4660
    4730       3.4702
    4731       3.5158
    4732       3.5137
    4733       3.2423
    4734       3.2226
    4735       3.2337
    4736       3.4554
    4737       3.5042
    4738       3.3986
    4739       3.3701
    4740       3.3574
    4741       3.7156
    4742       3.7275
    4743       3.7685
    4744       3.7192
    4745       3.7621
    4746       3.7805
    4747       3.5863
    4748       3.4810
    4749       3.5537
    4750       3.4635
    4751       3.3131
    4752       3.2977
    4753       3.4916
    4754       3.4070
    4755       3.7442
    4756       3.8252
    4757       3.7007
    4758       3.8315
    4759       3.5775
    4760       3.9369
    4761       3.8302
    4762       3.7997
    4763       3.5793
    4764       3.7985
    4765       3.9588
    4766       3.6884
    4767       3.7715
    4768       3.4404
    4769       3.6091
    4770       3.8342
    4771       3.6163
    4772       3.5843
    4773       3.4535
    4774       3.3830
    4775       3.2986
    4776       3.1794
    4777       3.4198
    4778       3.3124
    4779       3.5318
    4780       3.4942
    4781       3.4138
    4782       3.3646
    4783       3.1542
    4784       3.2885
    4785       3.5583
    4786       3.4174
    4787       3.4003
    4788       3.0495
    4789       3.2092
    4790       3.0089
    4791       3.0431
    4792       3.1809
    4793       3.0864
    4794       3.1877
    4795       3.1072
    4796       3.0816
    4797       3.0786
    4798       2.9391
    4799       2.9198
    4800       2.9462
    4801       3.0352
    4802       3.0090
    4803       3.1243
    4804       2.9926
    4805       3.2893
    4806       3.0095
    4807       3.0901
    4808       2.9394
    4809       3.0780
    4810       2.9999
    4811       2.9951
    4812       2.8716
    4813       3.0347
    4814       2.8660
    4815       3.1492
    4816       2.9441
    4817       3.0347
    4818       3.1094
    4819       3.1013
    4820       3.2245
    4821       3.2222
    4822       3.3544
    4823       3.2472
    4824       3.2687
    4825       3.4645
    4826       3.3119
    4827       3.3501
    4828       3.0867
    4829       3.1647
    4830       2.9939
    4831       2.8293
    4832       2.9509
    4833       2.8550
    4834       2.8983
    4835       2.8781
    4836       3.0457
    4837       3.1653
    4838       2.9061
    4839       2.9106
    4840       2.9554
    4841       2.7860
    4842       2.7959
    4843       2.9936
    4844       3.1406
    4845       3.1736
    4846       2.8871
    4847       2.9002
    4848       2.9256
    4849       3.1309
    4850       2.9862
    4851       2.9905
    4852       2.9841
    4853       2.9321
    4854       2.7979
    4855       2.8865
    4856       2.9167
    4857       2.8034
    4858       3.0501
    4859       2.8901
    4860       2.9195
    4861       2.8335
    4862       3.0678
    4863       3.0834
    4864       2.9115
    4865       3.1990
    4866       3.1042
    4867       3.3178
    4868       3.1555
    4869       3.1245
    4870       3.0540
    4871       3.0965
    4872       3.0054
    4873       2.9289
    4874       3.0383
    4875       3.0841
    4876       3.2850
    4877       2.9395
    4878       2.8669
    4879       2.9616
    4880       3.0449
    4881       3.0579
    4882       3.0863
    4883       3.1310
    4884       3.1924
    4885       2.9789
    4886       3.1058
    4887       2.6419
    4888       2.9111
    4889       2.6627
    4890       2.8678
    4891       2.6085
    4892       2.7434
    4893       2.7760
    4894       2.9553
    4895       2.7155
    4896       2.7534
    4897       2.9692
    4898       3.0089
    4899       2.7855
    4900       2.7715
    4901       2.9578
    4902       2.9685
    4903       3.1019
    4904       3.0435
    4905       3.1056
    4906       3.0054
    4907       2.9675
    4908       2.9339
    4909       3.0835
    4910       2.9258
    4911       3.0539
    4912       2.9122
    4913       2.9461
    4914       2.9213
    4915       2.9117
    4916       3.2171
    4917       3.1674
    4918       3.1219
    4919       3.0199
    4920       2.7565
    4921       2.8643
    4922       3.0654
    4923       2.9789
    4924       2.9823
    4925       3.0426
    4926       2.9977
    4927       2.9455
    4928       3.1465
    4929       2.8317
    4930       2.8463
    4931       2.7741
    4932       2.6872
    4933       3.0773
    4934       2.8699
    4935       3.1065
    4936       2.8528
    4937       2.8839
    4938       2.8256
    4939       2.8440
    4940       2.8501
    4941       2.9268
    4942       2.8680
    4943       2.9546
    4944       2.9755
    4945       2.8477
    4946       2.7550
    4947       3.1784
    4948       3.0711
    4949       3.0566
    4950       3.0877
    4951       3.0861
    4952       2.9900
    4953       2.8211
    4954       2.9136
    4955       2.9892
    4956       2.9162
    4957       2.8819
    4958       3.1578
    4959       2.9691
    4960       2.9685
    4961       3.2810
    4962       3.3064
    4963       3.0350
    4964       2.8921
    4965       2.9741
    4966       2.9453
    4967       2.7812
    4968       2.8379
    4969       2.9454
    4970       2.6090
    4971       2.7751
    4972       2.4584
    4973       3.0483
    4974       3.0500
    4975       2.8985
    4976       3.0506
    4977       3.0952
    4978       2.7184
    4979       2.6381
    4980       3.2551
    4981       2.8124
    4982       2.8907
    4983       2.9551
    4984       2.7576
    4985       2.7458
    4986       3.1220
    4987       3.0058
    4988       2.7526
    4989       2.7195
    4990       2.7584
    4991       2.8750
    4992       2.8932
    4993       2.6947
    4994       2.8336
    4995       2.9198
    4996       2.7616
    4997       2.9732
    4998       3.2028
    4999       2.8724
    5000       2.7395
    5001       3.0135
    5002       2.8210
    5003       2.7289
    5004       2.9845
    5005       2.8608
    5006       2.8461
